profile,kind,angle,F_peak_geo,t_peak_R,t_span_R,c15_rel,g3_map_rel
mission_m31_arrive_eta0.1,mission,dest,0.10025924630669401,2.1707277361893546e+20,2.1707277361893546e+20,2.460664133741986e-16,0.0
mission_m31_arrive_eta0.1,mission,side,0.04535915878119018,0.0,2.411030290192907e+20,2.460664133741986e-16,1.3590870315187216e-16
mission_m31_arrive_eta0.1,mission,depart,0.09071831756238036,0.0,2.6513328441964593e+20,2.460664133741986e-16,0.0
mission_m31_arrive_eta0.24,mission,dest,0.11532558411976335,7.801088736951398e+19,7.801088736951398e+19,1.4549382935326348e-16,0.0
mission_m31_arrive_eta0.24,mission,side,0.04535915878119018,0.0,1.0204114276986921e+20,1.4549382935326348e-16,0.0
mission_m31_arrive_eta0.24,mission,depart,0.09071831756238036,0.0,1.2607139817022444e+20,1.4549382935326348e-16,0.0
mission_m31_arrive_eta0.5,mission,dest,0.14956921980722548,2.797009780625517e+19,2.797009780625517e+19,9.347151466088164e-16,0.0
mission_m31_arrive_eta0.5,mission,side,0.04535915878119018,0.0,5.2000353206610395e+19,9.347151466088164e-16,0.0
mission_m31_arrive_eta0.5,mission,depart,0.09071831756238036,0.0,7.603060860696563e+19,9.347151466088164e-16,0.0
mission_m31_arrive_eta1.0,mission,dest,0.24659795413819555,7.522317859872048e+18,7.522317859872048e+18,4.4519273230429795e-16,0.0
mission_m31_arrive_eta1.0,mission,side,0.04535915878119018,0.0,3.1552573260227277e+19,4.4519273230429795e-16,0.0
mission_m31_arrive_eta1.0,mission,depart,0.09071831756238036,0.0,5.558282866058251e+19,4.4519273230429795e-16,0.0
mission_m31_arrive_eta12.0,mission,dest,14764.840852748175,1814348950.7261624,1814348956.0223489,0.0,4.993474918805959e-15
mission_m31_arrive_eta12.0,mission,side,0.04535915878119018,0.0,2.4030255402169565e+19,0.0,1.7045178802511578e-16
mission_m31_arrive_eta12.0,mission,depart,0.09071831756238036,0.0,4.8060510802524774e+19,0.0,0.0
mission_m31_arrive_eta2.0,mission,dest,0.6703227376690338,8.9668226927591e+17,8.9668226927591e+17,3.330689538339276e-16,1.42748445448088e-16
mission_m31_arrive_eta2.0,mission,side,0.04535915878119018,0.0,2.492693766963114e+19,3.330689538339276e-16,0.0
mission_m31_arrive_eta2.0,mission,depart,0.09071831756238036,0.0,4.895719306998637e+19,3.330689538339276e-16,1.6732985464034244e-16
mission_m31_arrive_eta3.0,mission,dest,1.822126117008655,1.1942612352259054e+17,1.1942612352259054e+17,1.110223041533831e-16,0.0
mission_m31_arrive_eta3.0,mission,side,0.04535915878119018,0.0,2.4149681523877822e+19,1.110223041533831e-16,0.0
mission_m31_arrive_eta3.0,mission,depart,0.09071831756238036,0.0,4.817993692423306e+19,1.110223041533831e-16,0.0
mission_m31_arrive_eta5.0,mission,dest,13.463792097903623,2182042879294863.8,2182042879294863.8,2.220446049250521e-16,1.1457153402997677e-16
mission_m31_arrive_eta5.0,mission,side,0.04535915878119018,0.0,2.403243744323453e+19,2.220446049250521e-16,0.0
mission_m31_arrive_eta5.0,mission,depart,0.09071831756238036,0.0,4.806269284358976e+19,2.220446049250521e-16,0.0
mission_m31_arrive_eta8.0,mission,dest,270.42749330856554,5408498588706.383,5408498588711.511,0.0,3.611214772388988e-16
mission_m31_arrive_eta8.0,mission,side,0.04535915878119018,0.0,2.403026080885381e+19,0.0,1.7045174967434613e-16
mission_m31_arrive_eta8.0,mission,depart,0.09071831756238036,0.0,4.806051620920904e+19,0.0,0.0
mission_m31_flyby_eta0.1,mission,dest,0.0,0.0,2.1707277361893546e+20,0.0,0.0
mission_m31_flyby_eta0.1,mission,side,0.04535915878119018,0.0,2.411030290192907e+20,0.0,1.3590870315187216e-16
mission_m31_flyby_eta0.1,mission,depart,0.09071831756238036,0.0,2.6513328441964593e+20,0.0,0.0
mission_m31_flyby_eta0.24,mission,dest,0.0,0.0,7.801088736951398e+19,0.0,0.0
mission_m31_flyby_eta0.24,mission,side,0.04535915878119018,0.0,1.0204114276986921e+20,0.0,0.0
mission_m31_flyby_eta0.24,mission,depart,0.09071831756238036,0.0,1.2607139817022444e+20,0.0,0.0
mission_m31_flyby_eta0.5,mission,dest,0.0,0.0,2.797009780625517e+19,4.287293576118017e-16,0.0
mission_m31_flyby_eta0.5,mission,side,0.04535915878119018,0.0,5.2000353206610395e+19,4.287293576118017e-16,0.0
mission_m31_flyby_eta0.5,mission,depart,0.09071831756238036,0.0,7.603060860696563e+19,4.287293576118017e-16,0.0
mission_m31_flyby_eta1.0,mission,dest,0.0,0.0,7.522317859872048e+18,0.0,0.0
mission_m31_flyby_eta1.0,mission,side,0.04535915878119018,0.0,3.1552573260227277e+19,0.0,0.0
mission_m31_flyby_eta1.0,mission,depart,0.09071831756238036,0.0,5.558282866058251e+19,0.0,0.0
mission_m31_flyby_eta12.0,mission,dest,0.0,0.0,1814348950.7261946,1.1102230246251568e-16,1.3140723508900274e-16
mission_m31_flyby_eta12.0,mission,side,0.04535915878119018,0.0,2.4030255402169577e+19,1.1102230246251568e-16,1.704517880251157e-16
mission_m31_flyby_eta12.0,mission,depart,0.09071831756238036,0.0,4.806051080252481e+19,1.1102230246251568e-16,0.0
mission_m31_flyby_eta2.0,mission,dest,0.0,0.0,8.9668226927591e+17,1.1129818307607449e-16,1.42748445448088e-16
mission_m31_flyby_eta2.0,mission,side,0.04535915878119018,0.0,2.492693766963114e+19,1.1129818307607449e-16,0.0
mission_m31_flyby_eta2.0,mission,depart,0.09071831756238036,0.0,4.895719306998637e+19,1.1129818307607449e-16,1.6732985464034244e-16
mission_m31_flyby_eta3.0,mission,dest,0.0,0.0,1.1942612352259054e+17,2.220720107883758e-16,0.0
mission_m31_flyby_eta3.0,mission,side,0.04535915878119018,0.0,2.4149681523877822e+19,2.220720107883758e-16,0.0
mission_m31_flyby_eta3.0,mission,depart,0.09071831756238036,0.0,4.817993692423306e+19,2.220720107883758e-16,0.0
mission_m31_flyby_eta5.0,mission,dest,0.0,0.0,2182042879294863.8,3.33067009273518e-16,1.1457153402997677e-16
mission_m31_flyby_eta5.0,mission,side,0.04535915878119018,0.0,2.403243744323453e+19,3.33067009273518e-16,0.0
mission_m31_flyby_eta5.0,mission,depart,0.09071831756238036,0.0,4.806269284358976e+19,3.33067009273518e-16,0.0
mission_m31_flyby_eta8.0,mission,dest,0.0,0.0,5408498588706.385,1.110223024667069e-16,1.8056073861962053e-16
mission_m31_flyby_eta8.0,mission,side,0.04535915878119018,0.0,2.403026080885382e+19,1.110223024667069e-16,1.7045174967434606e-16
mission_m31_flyby_eta8.0,mission,depart,0.09071831756238036,0.0,4.806051620920905e+19,1.110223024667069e-16,0.0
mission_m31_roundtrip_eta0.1,mission,dest,0.10025924630669401,2.1707277361893546e+20,4.822060580385814e+20,0.0,0.0
mission_m31_roundtrip_eta0.1,mission,side,0.04535915878119018,0.0,4.822060580385814e+20,0.0,1.3590870315187216e-16
mission_m31_roundtrip_eta0.1,mission,depart,0.09071831756238036,0.0,4.822060580385814e+20,0.0,0.0
mission_m31_roundtrip_eta0.24,mission,dest,0.11532558411976335,7.801088736951398e+19,2.0408228553973842e+20,4.705006523849998e-16,0.0
mission_m31_roundtrip_eta0.24,mission,side,0.04535915878119018,0.0,2.0408228553973842e+20,4.705006523849998e-16,0.0
mission_m31_roundtrip_eta0.24,mission,depart,0.09071831756238036,0.0,2.0408228553973842e+20,4.705006523849998e-16,0.0
mission_m31_roundtrip_eta0.5,mission,dest,0.14956921980722548,2.797009780625517e+19,1.0400070641322079e+20,5.564909153803724e-16,0.0
mission_m31_roundtrip_eta0.5,mission,side,0.04535915878119018,0.0,1.0400070641322079e+20,5.564909153803724e-16,0.0
mission_m31_roundtrip_eta0.5,mission,depart,0.09071831756238036,0.0,1.0400070641322079e+20,5.564909153803724e-16,0.0
mission_m31_roundtrip_eta1.0,mission,dest,0.24659795413819555,7.522317859872048e+18,6.310514652045455e+19,8.881838768904737e-16,0.0
mission_m31_roundtrip_eta1.0,mission,side,0.04535915878119018,0.0,6.310514652045455e+19,8.881838768904737e-16,0.0
mission_m31_roundtrip_eta1.0,mission,depart,0.09071831756238036,0.0,6.310514652045455e+19,8.881838768904737e-16,0.0
mission_m31_roundtrip_eta12.0,mission,dest,14764.840852748175,1814348950.7261624,4.806051080433911e+19,0.0,0.0
mission_m31_roundtrip_eta12.0,mission,side,0.04535915878119018,0.0,4.8060510804339106e+19,0.0,1.7045178802511587e-16
mission_m31_roundtrip_eta12.0,mission,depart,0.09071831756238036,0.0,4.806051080433912e+19,0.0,0.0
mission_m31_roundtrip_eta2.0,mission,dest,0.6703227376690338,8.9668226927591e+17,4.985387533926228e+19,6.661338148002414e-16,1.64320224741855e-16
mission_m31_roundtrip_eta2.0,mission,side,0.04535915878119018,0.0,4.985387533926228e+19,6.661338148002414e-16,0.0
mission_m31_roundtrip_eta2.0,mission,depart,0.09071831756238036,0.0,4.985387533926228e+19,6.661338148002414e-16,1.64320224741855e-16
mission_m31_roundtrip_eta3.0,mission,dest,1.822126117008655,1.1942612352259054e+17,4.8299363047755645e+19,4.440892098500627e-16,0.0
mission_m31_roundtrip_eta3.0,mission,side,0.04535915878119018,0.0,4.8299363047755645e+19,4.440892098500627e-16,0.0
mission_m31_roundtrip_eta3.0,mission,depart,0.09071831756238036,0.0,4.8299363047755645e+19,4.440892098500627e-16,0.0
mission_m31_roundtrip_eta5.0,mission,dest,13.463792097903623,2182042879294863.8,4.806487488646906e+19,2.220446049250313e-16,0.0
mission_m31_roundtrip_eta5.0,mission,side,0.04535915878119018,0.0,4.806487488646906e+19,2.220446049250313e-16,0.0
mission_m31_roundtrip_eta5.0,mission,depart,0.09071831756238036,0.0,4.806487488646906e+19,2.220446049250313e-16,0.0
mission_m31_roundtrip_eta8.0,mission,dest,270.42749330856554,5408498588706.383,4.806052161770762e+19,0.0,0.0
mission_m31_roundtrip_eta8.0,mission,side,0.04535915878119018,0.0,4.806052161770762e+19,0.0,1.7045174967434613e-16
mission_m31_roundtrip_eta8.0,mission,depart,0.09071831756238036,0.0,4.806052161770763e+19,0.0,0.0
mission_proxima_arrive_eta0.1,mission,dest,0.10025924630669401,363212318063179.44,363212318063179.94,2.460664133741986e-16,0.0
mission_proxima_arrive_eta0.1,mission,side,0.04535915878119018,0.0,403420422571648.3,2.460664133741986e-16,3.0985045130629135e-16
mission_proxima_arrive_eta0.1,mission,depart,0.09071831756238036,0.0,443628527080116.7,2.460664133741986e-16,0.0
mission_proxima_arrive_eta0.24,mission,dest,0.11532558411976335,130530028078911.36,130530028078912.61,1.4549382935326348e-16,1.197042567902753e-16
mission_proxima_arrive_eta0.24,mission,side,0.04535915878119018,0.0,170738132587380.84,1.4549382935326348e-16,0.0
mission_proxima_arrive_eta0.24,mission,depart,0.09071831756238036,0.0,210946237095849.12,1.4549382935326348e-16,0.0
mission_proxima_arrive_eta0.5,mission,dest,0.14956921980722548,46800360502592.81,46800360502594.914,9.347151466088164e-16,0.0
mission_proxima_arrive_eta0.5,mission,side,0.04535915878119018,0.0,87008465011063.17,9.347151466088164e-16,0.0
mission_proxima_arrive_eta0.5,mission,depart,0.09071831756238036,0.0,127216569519531.6,9.347151466088164e-16,1.2282205108196296e-16
mission_proxima_arrive_eta1.0,mission,dest,0.24659795413819555,12586555474196.893,12586555474200.223,4.4519273230429795e-16,0.0
mission_proxima_arrive_eta1.0,mission,side,0.04535915878119018,0.0,52794659982668.664,4.4519273230429795e-16,0.0
mission_proxima_arrive_eta1.0,mission,depart,0.09071831756238036,0.0,93002764491137.02,4.4519273230429795e-16,0.0
mission_proxima_arrive_eta12.0,mission,dest,14764.840852748175,3041.083146794322,3046.346272345064,0.0,5.971052667448754e-16
mission_proxima_arrive_eta12.0,mission,side,0.04535915878119018,0.0,40208104511514.78,0.0,1.943016238868624e-16
mission_proxima_arrive_eta12.0,mission,depart,0.09071831756238036,0.0,80416209019983.17,0.0,0.0
mission_proxima_arrive_eta2.0,mission,dest,0.6703227376690338,1500354190721.0317,1500354190725.5806,3.330689538339276e-16,1.627219935860159e-16
mission_proxima_arrive_eta2.0,mission,side,0.04535915878119018,0.0,41708458699193.95,3.330689538339276e-16,0.0
mission_proxima_arrive_eta2.0,mission,depart,0.09071831756238036,0.0,81916563207662.4,3.330689538339276e-16,1.9074286552268895e-16
mission_proxima_arrive_eta3.0,mission,dest,1.822126117008655,199827175189.96368,199827175194.96487,1.110223041533831e-16,0.0
mission_proxima_arrive_eta3.0,mission,side,0.04535915878119018,0.0,40407931683663.336,1.110223041533831e-16,0.0
mission_proxima_arrive_eta3.0,mission,depart,0.09071831756238036,0.0,80616036192131.73,1.110223041533831e-16,0.0
mission_proxima_arrive_eta5.0,mission,dest,13.463792097903623,3651056003.977856,3651056009.205559,2.220446049250521e-16,1.3060253170612988e-16
mission_proxima_arrive_eta5.0,mission,side,0.04535915878119018,0.0,40211755564477.62,2.220446049250521e-16,0.0
mission_proxima_arrive_eta5.0,mission,depart,0.09071831756238036,0.0,80419860072945.95,2.220446049250521e-16,0.0
mission_proxima_arrive_eta8.0,mission,dest,270.42749330856554,9049658.408249227,9049663.669641146,0.0,4.1164958549333977e-16
mission_proxima_arrive_eta8.0,mission,side,0.04535915878119018,0.0,40208113558132.07,0.0,1.9430158017000343e-16
mission_proxima_arrive_eta8.0,mission,depart,0.09071831756238036,0.0,80416218066600.44,0.0,0.0
mission_proxima_flyby_eta0.1,mission,dest,0.0,0.0,363212318063179.7,0.0,0.0
mission_proxima_flyby_eta0.1,mission,side,0.04535915878119018,0.0,403420422571648.1,0.0,3.098504513062915e-16
mission_proxima_flyby_eta0.1,mission,depart,0.09071831756238036,0.0,443628527080116.56,0.0,0.0
mission_proxima_flyby_eta0.24,mission,dest,0.0,0.0,130530028078911.83,0.0,1.1970425679027602e-16
mission_proxima_flyby_eta0.24,mission,side,0.04535915878119018,0.0,170738132587380.22,0.0,0.0
mission_proxima_flyby_eta0.24,mission,depart,0.09071831756238036,0.0,210946237095848.62,0.0,0.0
mission_proxima_flyby_eta0.5,mission,dest,0.0,0.0,46800360502593.6,4.287293576118017e-16,0.0
mission_proxima_flyby_eta0.5,mission,side,0.04535915878119018,0.0,87008465011062.0,4.287293576118017e-16,0.0
mission_proxima_flyby_eta0.5,mission,depart,0.09071831756238036,0.0,127216569519530.4,4.287293576118017e-16,1.228220510819641e-16
mission_proxima_flyby_eta1.0,mission,dest,0.0,0.0,12586555474197.79,0.0,0.0
mission_proxima_flyby_eta1.0,mission,side,0.04535915878119018,0.0,52794659982666.195,0.0,0.0
mission_proxima_flyby_eta1.0,mission,depart,0.09071831756238036,0.0,93002764491134.6,0.0,0.0
mission_proxima_flyby_eta12.0,mission,dest,0.0,0.0,3041.0831791318847,1.1102230246251568e-16,1.4953466383523172e-16
mission_proxima_flyby_eta12.0,mission,side,0.04535915878119018,0.0,40208104511509.484,1.1102230246251568e-16,1.94301623886888e-16
mission_proxima_flyby_eta12.0,mission,depart,0.09071831756238036,0.0,80416209019977.88,1.1102230246251568e-16,0.0
mission_proxima_flyby_eta2.0,mission,dest,0.0,0.0,1500354190721.5742,1.1129818307607449e-16,1.6272199358645042e-16
mission_proxima_flyby_eta2.0,mission,side,0.04535915878119018,0.0,41708458699189.97,1.1129818307607449e-16,0.0
mission_proxima_flyby_eta2.0,mission,depart,0.09071831756238036,0.0,81916563207658.38,1.1129818307607449e-16,1.9074286552269834e-16
mission_proxima_flyby_eta3.0,mission,dest,0.0,0.0,199827175190.20087,2.220720107883758e-16,0.0
mission_proxima_flyby_eta3.0,mission,side,0.04535915878119018,0.0,40407931683658.59,2.220720107883758e-16,0.0
mission_proxima_flyby_eta3.0,mission,depart,0.09071831756238036,0.0,80616036192127.0,2.220720107883758e-16,0.0
mission_proxima_flyby_eta5.0,mission,dest,0.0,0.0,3651056004.0128446,3.33067009273518e-16,1.306025318918793e-16
mission_proxima_flyby_eta5.0,mission,side,0.04535915878119018,0.0,40211755564472.42,3.33067009273518e-16,0.0
mission_proxima_flyby_eta5.0,mission,depart,0.09071831756238036,0.0,80419860072940.83,3.33067009273518e-16,0.0
mission_proxima_flyby_eta8.0,mission,dest,0.0,0.0,9049658.410013635,1.110223024667069e-16,2.0582491237126713e-16
mission_proxima_flyby_eta8.0,mission,side,0.04535915878119018,0.0,40208113558126.8,1.110223024667069e-16,1.943015801700289e-16
mission_proxima_flyby_eta8.0,mission,depart,0.09071831756238036,0.0,80416218066595.19,1.110223024667069e-16,0.0
mission_proxima_roundtrip_eta0.1,mission,dest,0.10025924630669401,363212318063179.44,806840845143296.5,0.0,0.0
mission_proxima_roundtrip_eta0.1,mission,side,0.04535915878119018,0.0,806840845143296.6,0.0,3.0985045130629135e-16
mission_proxima_roundtrip_eta0.1,mission,depart,0.09071831756238036,0.0,806840845143296.6,0.0,0.0
mission_proxima_roundtrip_eta0.24,mission,dest,0.11532558411976335,130530028078911.36,341476265174761.56,4.705006523849998e-16,0.0
mission_proxima_roundtrip_eta0.24,mission,side,0.04535915878119018,0.0,341476265174761.6,4.705006523849998e-16,0.0
mission_proxima_roundtrip_eta0.24,mission,depart,0.09071831756238036,0.0,341476265174761.9,4.705006523849998e-16,0.0
mission_proxima_roundtrip_eta0.5,mission,dest,0.14956921980722548,46800360502592.81,174016930022126.28,5.564909153803724e-16,1.7958022817680187e-16
mission_proxima_roundtrip_eta0.5,mission,side,0.04535915878119018,0.0,174016930022126.22,5.564909153803724e-16,0.0
mission_proxima_roundtrip_eta0.5,mission,depart,0.09071831756238036,0.0,174016930022127.16,5.564909153803724e-16,1.7958022817680096e-16
mission_proxima_roundtrip_eta1.0,mission,dest,0.24659795413819555,12586555474196.893,105589319965337.25,8.881838768904737e-16,0.0
mission_proxima_roundtrip_eta1.0,mission,side,0.04535915878119018,0.0,105589319965337.45,8.881838768904737e-16,0.0
mission_proxima_roundtrip_eta1.0,mission,depart,0.09071831756238036,0.0,105589319965337.16,8.881838768904737e-16,0.0
mission_proxima_roundtrip_eta12.0,mission,dest,14764.840852748175,3041.083146794322,80416209023029.52,0.0,0.0
mission_proxima_roundtrip_eta12.0,mission,side,0.04535915878119018,0.0,80416209023029.5,0.0,1.9430162388686254e-16
mission_proxima_roundtrip_eta12.0,mission,depart,0.09071831756238036,0.0,80416209023029.42,0.0,0.0
mission_proxima_roundtrip_eta2.0,mission,dest,0.6703227376690338,1500354190721.0317,83416917398388.0,6.661338148002414e-16,0.0
mission_proxima_roundtrip_eta2.0,mission,side,0.04535915878119018,0.0,83416917398387.95,6.661338148002414e-16,0.0
mission_proxima_roundtrip_eta2.0,mission,depart,0.09071831756238036,0.0,83416917398387.95,6.661338148002414e-16,1.8731212429460927e-16
mission_proxima_roundtrip_eta3.0,mission,dest,1.822126117008655,199827175189.96368,80815863367326.77,4.440892098500627e-16,0.0
mission_proxima_roundtrip_eta3.0,mission,side,0.04535915878119018,0.0,80815863367326.69,4.440892098500627e-16,0.0
mission_proxima_roundtrip_eta3.0,mission,depart,0.09071831756238036,0.0,80815863367326.88,4.440892098500627e-16,0.0
mission_proxima_roundtrip_eta5.0,mission,dest,13.463792097903623,3651056003.977856,80423511128955.1,2.220446049250313e-16,0.0
mission_proxima_roundtrip_eta5.0,mission,side,0.04535915878119018,0.0,80423511128955.23,2.220446049250313e-16,0.0
mission_proxima_roundtrip_eta5.0,mission,depart,0.09071831756238036,0.0,80423511128954.92,2.220446049250313e-16,0.0
mission_proxima_roundtrip_eta8.0,mission,dest,270.42749330856554,9049658.408249227,80416227116264.12,0.0,0.0
mission_proxima_roundtrip_eta8.0,mission,side,0.04535915878119018,0.0,80416227116264.11,0.0,3.88603160340007e-16
mission_proxima_roundtrip_eta8.0,mission,depart,0.09071831756238036,0.0,80416227116264.02,0.0,0.0
mission_sgr_arrive_eta0.1,mission,dest,0.10025924630669401,2.2220047693276861e+18,2.2220047693276861e+18,2.460664133741986e-16,0.0
mission_sgr_arrive_eta0.1,mission,side,0.04535915878119018,0.0,2.467983761614787e+18,2.460664133741986e-16,2.0745679447461253e-16
mission_sgr_arrive_eta0.1,mission,depart,0.09071831756238036,0.0,2.7139627539018875e+18,2.460664133741986e-16,0.0
mission_sgr_arrive_eta0.24,mission,dest,0.11532558411976335,7.985366423651039e+17,7.985366423651039e+17,1.4549382935326348e-16,1.6029320786193345e-16
mission_sgr_arrive_eta0.24,mission,side,0.04535915878119018,0.0,1.0445156346522045e+18,1.4549382935326348e-16,0.0
mission_sgr_arrive_eta0.24,mission,depart,0.09071831756238036,0.0,1.2904946269393055e+18,1.4549382935326348e-16,0.0
mission_sgr_arrive_eta0.5,mission,dest,0.14956921980722548,2.8630808778056474e+17,2.8630808778056474e+17,9.347151466088164e-16,0.0
mission_sgr_arrive_eta0.5,mission,side,0.04535915878119018,0.0,5.322870800676655e+17,9.347151466088164e-16,0.0
mission_sgr_arrive_eta0.5,mission,depart,0.09071831756238036,0.0,7.782660723547663e+17,9.347151466088164e-16,1.6446817424883483e-16
mission_sgr_arrive_eta1.0,mission,dest,0.24659795413819555,7.700010407743042e+16,7.700010407743042e+16,4.4519273230429795e-16,0.0
mission_sgr_arrive_eta1.0,mission,side,0.04535915878119018,0.0,3.229790963645312e+17,4.4519273230429795e-16,0.0
mission_sgr_arrive_eta1.0,mission,depart,0.09071831756238036,0.0,5.68958088651632e+17,4.4519273230429795e-16,0.0
mission_sgr_arrive_eta12.0,mission,dest,14764.840852748175,18572081.08276192,18572086.345723547,0.0,2.2064399508091232e-15
mission_sgr_arrive_eta12.0,mission,side,0.04535915878119018,0.0,2.4597899230567277e+17,0.0,2.6018482066333774e-16
mission_sgr_arrive_eta12.0,mission,depart,0.09071831756238036,0.0,4.9195798459277344e+17,0.0,0.0
mission_sgr_arrive_eta2.0,mission,dest,0.6703227376690338,9178637402036878.0,9178637402036880.0,3.330689538339276e-16,2.178972664892688e-16
mission_sgr_arrive_eta2.0,mission,side,0.04535915878119018,0.0,2.551576296891377e+17,3.330689538339276e-16,0.0
mission_sgr_arrive_eta2.0,mission,depart,0.09071831756238036,0.0,5.011366219762385e+17,3.330689538339276e-16,1.2770968473151133e-16
mission_sgr_arrive_eta3.0,mission,dest,1.822126117008655,1222472130546207.0,1222472130546211.8,1.110223041533831e-16,0.0
mission_sgr_arrive_eta3.0,mission,side,0.04535915878119018,0.0,2.4720146441764698e+17,1.110223041533831e-16,0.0
mission_sgr_arrive_eta3.0,mission,depart,0.09071831756238036,0.0,4.931804567047478e+17,1.110223041533831e-16,0.0
mission_sgr_arrive_eta5.0,mission,dest,13.463792097903623,22335871992787.17,22335871992792.59,2.220446049250521e-16,1.7488683680048316e-16
mission_sgr_arrive_eta5.0,mission,side,0.04535915878119018,0.0,2.460013281590935e+17,2.220446049250521e-16,0.0
mission_sgr_arrive_eta5.0,mission,depart,0.09071831756238036,0.0,4.919803204461942e+17,2.220446049250521e-16,0.0
mission_sgr_arrive_eta8.0,mission,dest,270.42749330856554,55362583984.08828,55362583989.33873,0.0,0.0
mission_sgr_arrive_eta8.0,mission,side,0.04535915878119018,0.0,2.4597904764968458e+17,0.0,1.3009238106155028e-16
mission_sgr_arrive_eta8.0,mission,depart,0.09071831756238036,0.0,4.919580399367852e+17,0.0,0.0
mission_sgr_flyby_eta0.1,mission,dest,0.0,0.0,2.2220047693276861e+18,0.0,0.0
mission_sgr_flyby_eta0.1,mission,side,0.04535915878119018,0.0,2.467983761614787e+18,0.0,2.0745679447461253e-16
mission_sgr_flyby_eta0.1,mission,depart,0.09071831756238036,0.0,2.7139627539018875e+18,0.0,0.0
mission_sgr_flyby_eta0.24,mission,dest,0.0,0.0,7.985366423651039e+17,0.0,1.6029320786193345e-16
mission_sgr_flyby_eta0.24,mission,side,0.04535915878119018,0.0,1.0445156346522045e+18,0.0,0.0
mission_sgr_flyby_eta0.24,mission,depart,0.09071831756238036,0.0,1.2904946269393055e+18,0.0,0.0
mission_sgr_flyby_eta0.5,mission,dest,0.0,0.0,2.8630808778056474e+17,4.287293576118017e-16,0.0
mission_sgr_flyby_eta0.5,mission,side,0.04535915878119018,0.0,5.322870800676655e+17,4.287293576118017e-16,0.0
mission_sgr_flyby_eta0.5,mission,depart,0.09071831756238036,0.0,7.782660723547663e+17,4.287293576118017e-16,1.6446817424883483e-16
mission_sgr_flyby_eta1.0,mission,dest,0.0,0.0,7.700010407743042e+16,0.0,0.0
mission_sgr_flyby_eta1.0,mission,side,0.04535915878119018,0.0,3.229790963645312e+17,0.0,0.0
mission_sgr_flyby_eta1.0,mission,depart,0.09071831756238036,0.0,5.68958088651632e+17,0.0,0.0
mission_sgr_flyby_eta12.0,mission,dest,0.0,0.0,18572081.082794257,1.1102230246251568e-16,2.005855069151694e-16
mission_sgr_flyby_eta12.0,mission,side,0.04535915878119018,0.0,2.4597899230567283e+17,1.1102230246251568e-16,1.3009241033166882e-16
mission_sgr_flyby_eta12.0,mission,depart,0.09071831756238036,0.0,4.9195798459277357e+17,1.1102230246251568e-16,0.0
mission_sgr_flyby_eta2.0,mission,dest,0.0,0.0,9178637402036878.0,1.1129818307607449e-16,0.0
mission_sgr_flyby_eta2.0,mission,side,0.04535915878119018,0.0,2.5515762968913773e+17,1.1129818307607449e-16,0.0
mission_sgr_flyby_eta2.0,mission,depart,0.09071831756238036,0.0,5.011366219762386e+17,1.1129818307607449e-16,1.2770968473151133e-16
mission_sgr_flyby_eta3.0,mission,dest,0.0,0.0,1222472130546207.0,2.220720107883758e-16,0.0
mission_sgr_flyby_eta3.0,mission,side,0.04535915878119018,0.0,2.4720146441764698e+17,2.220720107883758e-16,0.0
mission_sgr_flyby_eta3.0,mission,depart,0.09071831756238036,0.0,4.9318045670474784e+17,2.220720107883758e-16,0.0
mission_sgr_flyby_eta5.0,mission,dest,0.0,0.0,22335871992787.203,3.33067009273518e-16,0.0
mission_sgr_flyby_eta5.0,mission,side,0.04535915878119018,0.0,2.4600132815909357e+17,3.33067009273518e-16,0.0
mission_sgr_flyby_eta5.0,mission,depart,0.09071831756238036,0.0,4.9198032044619437e+17,3.33067009273518e-16,0.0
mission_sgr_flyby_eta8.0,mission,dest,0.0,0.0,55362583984.09004,1.110223024667069e-16,1.3780777525562239e-16
mission_sgr_flyby_eta8.0,mission,side,0.04535915878119018,0.0,2.4597904764968477e+17,1.110223024667069e-16,1.3009238106155018e-16
mission_sgr_flyby_eta8.0,mission,depart,0.09071831756238036,0.0,4.9195803993678554e+17,1.110223024667069e-16,0.0
mission_sgr_roundtrip_eta0.1,mission,dest,0.10025924630669401,2.2220047693276861e+18,4.935967523229573e+18,0.0,0.0
mission_sgr_roundtrip_eta0.1,mission,side,0.04535915878119018,0.0,4.935967523229574e+18,0.0,2.0745679447461253e-16
mission_sgr_roundtrip_eta0.1,mission,depart,0.09071831756238036,0.0,4.935967523229573e+18,0.0,0.0
mission_sgr_roundtrip_eta0.24,mission,dest,0.11532558411976335,7.985366423651039e+17,2.0890312693044093e+18,4.705006523849998e-16,1.2254483873055717e-16
mission_sgr_roundtrip_eta0.24,mission,side,0.04535915878119018,0.0,2.089031269304409e+18,4.705006523849998e-16,0.0
mission_sgr_roundtrip_eta0.24,mission,depart,0.09071831756238036,0.0,2.0890312693044093e+18,4.705006523849998e-16,1.2254483873055717e-16
mission_sgr_roundtrip_eta0.5,mission,dest,0.14956921980722548,2.8630808778056474e+17,1.0645741601353311e+18,5.564909153803724e-16,1.2023586969622516e-16
mission_sgr_roundtrip_eta0.5,mission,side,0.04535915878119018,0.0,1.064574160135331e+18,5.564909153803724e-16,0.0
mission_sgr_roundtrip_eta0.5,mission,depart,0.09071831756238036,0.0,1.0645741601353311e+18,5.564909153803724e-16,1.2023586969622516e-16
mission_sgr_roundtrip_eta1.0,mission,dest,0.24659795413819555,7.700010407743042e+16,6.459581927290624e+17,8.881838768904737e-16,0.0
mission_sgr_roundtrip_eta1.0,mission,side,0.04535915878119018,0.0,6.459581927290624e+17,8.881838768904737e-16,0.0
mission_sgr_roundtrip_eta1.0,mission,depart,0.09071831756238036,0.0,6.459581927290624e+17,8.881838768904737e-16,0.0
mission_sgr_roundtrip_eta12.0,mission,dest,14764.840852748175,18572081.08276192,4.9195798461134554e+17,0.0,0.0
mission_sgr_roundtrip_eta12.0,mission,side,0.04535915878119018,0.0,4.919579846113452e+17,0.0,2.601848206633379e-16
mission_sgr_roundtrip_eta12.0,mission,depart,0.09071831756238036,0.0,4.9195798461134554e+17,0.0,0.0
mission_sgr_roundtrip_eta2.0,mission,dest,0.6703227376690338,9178637402036878.0,5.1031525937827546e+17,6.661338148002414e-16,2.508253430554757e-16
mission_sgr_roundtrip_eta2.0,mission,side,0.04535915878119018,0.0,5.103152593782754e+17,6.661338148002414e-16,0.0
mission_sgr_roundtrip_eta2.0,mission,depart,0.09071831756238036,0.0,5.103152593782754e+17,6.661338148002414e-16,1.2541267152773787e-16
mission_sgr_roundtrip_eta3.0,mission,dest,1.822126117008655,1222472130546207.0,4.9440292883529395e+17,4.440892098500627e-16,0.0
mission_sgr_roundtrip_eta3.0,mission,side,0.04535915878119018,0.0,4.9440292883529395e+17,4.440892098500627e-16,0.0
mission_sgr_roundtrip_eta3.0,mission,depart,0.09071831756238036,0.0,4.9440292883529395e+17,4.440892098500627e-16,0.0
mission_sgr_roundtrip_eta5.0,mission,dest,13.463792097903623,22335871992787.17,4.92002656318187e+17,2.220446049250313e-16,0.0
mission_sgr_roundtrip_eta5.0,mission,side,0.04535915878119018,0.0,4.920026563181868e+17,2.220446049250313e-16,0.0
mission_sgr_roundtrip_eta5.0,mission,depart,0.09071831756238036,0.0,4.9200265631818694e+17,2.220446049250313e-16,0.0
mission_sgr_roundtrip_eta8.0,mission,dest,270.42749330856554,55362583984.08828,4.919580952993689e+17,0.0,0.0
mission_sgr_roundtrip_eta8.0,mission,side,0.04535915878119018,0.0,4.9195809529936877e+17,0.0,2.6018476212310075e-16
mission_sgr_roundtrip_eta8.0,mission,depart,0.09071831756238036,0.0,4.919580952993692e+17,0.0,0.0
mission_trappist-1_arrive_eta0.1,mission,dest,0.10025924630669401,3461199736837357.5,3461199736837358.0,2.460664133741986e-16,0.0
mission_trappist-1_arrive_eta0.1,mission,side,0.04535915878119018,0.0,3844359320976880.5,2.460664133741986e-16,1.3006068326436933e-16
mission_trappist-1_arrive_eta0.1,mission,depart,0.09071831756238036,0.0,4227518905116403.0,2.460664133741986e-16,0.0
mission_trappist-1_arrive_eta0.24,mission,dest,0.11532558411976335,1243874385222565.8,1243874385222567.0,1.4549382935326348e-16,2.009849249812049e-16
mission_trappist-1_arrive_eta0.24,mission,side,0.04535915878119018,0.0,1627033969362089.2,1.4549382935326348e-16,0.0
mission_trappist-1_arrive_eta0.24,mission,depart,0.09071831756238036,0.0,2010193553501611.8,1.4549382935326348e-16,0.0
mission_trappist-1_arrive_eta0.5,mission,dest,0.14956921980722548,445979905965880.2,445979905965882.25,9.347151466088164e-16,0.0
mission_trappist-1_arrive_eta0.5,mission,side,0.04535915878119018,0.0,829139490105404.5,9.347151466088164e-16,0.0
mission_trappist-1_arrive_eta0.5,mission,depart,0.09071831756238036,0.0,1212299074244929.0,9.347151466088164e-16,0.0
mission_trappist-1_arrive_eta1.0,mission,dest,0.24659795413819555,119942469812922.02,119942469812925.39,4.4519273230429795e-16,0.0
mission_trappist-1_arrive_eta1.0,mission,side,0.04535915878119018,0.0,503102053952447.06,4.4519273230429795e-16,0.0
mission_trappist-1_arrive_eta1.0,mission,depart,0.09071831756238036,0.0,886261638091971.6,4.4519273230429795e-16,0.0
mission_trappist-1_arrive_eta12.0,mission,dest,14764.840852748175,28934.842703108272,28940.105828985194,0.0,2.1370218922495136e-15
mission_trappist-1_arrive_eta12.0,mission,side,0.04535915878119018,0.0,383159584168462.6,0.0,1.6311741264579934e-16
mission_trappist-1_arrive_eta12.0,mission,depart,0.09071831756238036,0.0,766319168307985.4,0.0,0.0
mission_trappist-1_arrive_eta2.0,mission,dest,0.6703227376690338,14297492876253.215,14297492876257.768,3.330689538339276e-16,2.732122361457279e-16
mission_trappist-1_arrive_eta2.0,mission,side,0.04535915878119018,0.0,397457077015780.56,3.330689538339276e-16,0.0
mission_trappist-1_arrive_eta2.0,mission,depart,0.09071831756238036,0.0,780616661155302.6,3.330689538339276e-16,1.6012981303140726e-16
mission_trappist-1_arrive_eta3.0,mission,dest,1.822126117008655,1904235434124.5732,1904235434129.5735,1.110223041533831e-16,0.0
mission_trappist-1_arrive_eta3.0,mission,side,0.04535915878119018,0.0,385063819573652.3,1.110223041533831e-16,0.0
mission_trappist-1_arrive_eta3.0,mission,depart,0.09071831756238036,0.0,768223403713174.6,1.110223041533831e-16,0.0
mission_trappist-1_arrive_eta5.0,mission,dest,13.463792097903623,34792415993.91432,34792415999.141655,2.220446049250521e-16,2.192832636698245e-16
mission_trappist-1_arrive_eta5.0,mission,side,0.04535915878119018,0.0,383194376555521.6,2.220446049250521e-16,0.0
mission_trappist-1_arrive_eta5.0,mission,depart,0.09071831756238036,0.0,766353960695044.1,2.220446049250521e-16,0.0
mission_trappist-1_arrive_eta8.0,mission,dest,270.42749330856554,86237876.45565702,86237881.7170414,0.0,0.0
mission_trappist-1_arrive_eta8.0,mission,side,0.04535915878119018,0.0,383159670377404.1,0.0,1.6311737594522626e-16
mission_trappist-1_arrive_eta8.0,mission,depart,0.09071831756238036,0.0,766319254516926.5,0.0,0.0
mission_trappist-1_flyby_eta0.1,mission,dest,0.0,0.0,3461199736837358.0,0.0,0.0
mission_trappist-1_flyby_eta0.1,mission,side,0.04535915878119018,0.0,3844359320976880.5,0.0,1.3006068326436933e-16
mission_trappist-1_flyby_eta0.1,mission,depart,0.09071831756238036,0.0,4227518905116403.0,0.0,0.0
mission_trappist-1_flyby_eta0.24,mission,dest,0.0,0.0,1243874385222566.5,0.0,2.0098492498120498e-16
mission_trappist-1_flyby_eta0.24,mission,side,0.04535915878119018,0.0,1627033969362088.8,0.0,0.0
mission_trappist-1_flyby_eta0.24,mission,depart,0.09071831756238036,0.0,2010193553501611.5,0.0,0.0
mission_trappist-1_flyby_eta0.5,mission,dest,0.0,0.0,445979905965881.0,4.287293576118017e-16,0.0
mission_trappist-1_flyby_eta0.5,mission,side,0.04535915878119018,0.0,829139490105403.4,4.287293576118017e-16,0.0
mission_trappist-1_flyby_eta0.5,mission,depart,0.09071831756238036,0.0,1212299074244926.0,4.287293576118017e-16,0.0
mission_trappist-1_flyby_eta1.0,mission,dest,0.0,0.0,119942469812922.9,0.0,0.0
mission_trappist-1_flyby_eta1.0,mission,side,0.04535915878119018,0.0,503102053952445.4,0.0,0.0
mission_trappist-1_flyby_eta1.0,mission,depart,0.09071831756238036,0.0,886261638091967.8,0.0,0.0
mission_trappist-1_flyby_eta12.0,mission,dest,0.0,0.0,28934.842735445836,1.1102230246251568e-16,2.514600711919617e-16
mission_trappist-1_flyby_eta12.0,mission,side,0.04535915878119018,0.0,383159584168457.25,1.1102230246251568e-16,1.6311741264580163e-16
mission_trappist-1_flyby_eta12.0,mission,depart,0.09071831756238036,0.0,766319168307979.6,1.1102230246251568e-16,0.0
mission_trappist-1_flyby_eta2.0,mission,dest,0.0,0.0,14297492876253.758,1.1129818307607449e-16,2.7321223614580454e-16
mission_trappist-1_flyby_eta2.0,mission,side,0.04535915878119018,0.0,397457077015776.2,1.1129818307607449e-16,0.0
mission_trappist-1_flyby_eta2.0,mission,depart,0.09071831756238036,0.0,780616661155298.8,1.1129818307607449e-16,1.6012981303140805e-16
mission_trappist-1_flyby_eta3.0,mission,dest,0.0,0.0,1904235434124.8098,2.220720107883758e-16,0.0
mission_trappist-1_flyby_eta3.0,mission,side,0.04535915878119018,0.0,385063819573647.1,2.220720107883758e-16,0.0
mission_trappist-1_flyby_eta3.0,mission,depart,0.09071831756238036,0.0,768223403713169.5,2.220720107883758e-16,0.0
mission_trappist-1_flyby_eta5.0,mission,dest,0.0,0.0,34792415993.9493,3.33067009273518e-16,0.0
mission_trappist-1_flyby_eta5.0,mission,side,0.04535915878119018,0.0,383194376555516.4,3.33067009273518e-16,0.0
mission_trappist-1_flyby_eta5.0,mission,depart,0.09071831756238036,0.0,766353960695038.8,3.33067009273518e-16,0.0
mission_trappist-1_flyby_eta8.0,mission,dest,0.0,0.0,86237876.45742144,1.110223024667069e-16,1.727913743470349e-16
mission_trappist-1_flyby_eta8.0,mission,side,0.04535915878119018,0.0,383159670377398.9,1.110223024667069e-16,1.631173759452285e-16
mission_trappist-1_flyby_eta8.0,mission,depart,0.09071831756238036,0.0,766319254516921.2,1.110223024667069e-16,0.0
mission_trappist-1_roundtrip_eta0.1,mission,dest,0.10025924630669401,3461199736837357.5,7688718641953761.0,0.0,0.0
mission_trappist-1_roundtrip_eta0.1,mission,side,0.04535915878119018,0.0,7688718641953761.0,0.0,1.3006068326436933e-16
mission_trappist-1_roundtrip_eta0.1,mission,depart,0.09071831756238036,0.0,7688718641953761.0,0.0,0.0
mission_trappist-1_roundtrip_eta0.24,mission,dest,0.11532558411976335,1243874385222565.8,3254067938724179.5,4.705006523849998e-16,1.5365382942681728e-16
mission_trappist-1_roundtrip_eta0.24,mission,side,0.04535915878119018,0.0,3254067938724179.0,4.705006523849998e-16,0.0
mission_trappist-1_roundtrip_eta0.24,mission,depart,0.09071831756238036,0.0,3254067938724179.5,4.705006523849998e-16,0.0
mission_trappist-1_roundtrip_eta0.5,mission,dest,0.14956921980722548,445979905965880.2,1658278980210809.2,5.564909153803724e-16,0.0
mission_trappist-1_roundtrip_eta0.5,mission,side,0.04535915878119018,0.0,1658278980210809.2,5.564909153803724e-16,0.0
mission_trappist-1_roundtrip_eta0.5,mission,depart,0.09071831756238036,0.0,1658278980210810.0,5.564909153803724e-16,0.0
mission_trappist-1_roundtrip_eta1.0,mission,dest,0.24659795413819555,119942469812922.02,1006204107904895.2,8.881838768904737e-16,0.0
mission_trappist-1_roundtrip_eta1.0,mission,side,0.04535915878119018,0.0,1006204107904893.5,8.881838768904737e-16,0.0
mission_trappist-1_roundtrip_eta1.0,mission,depart,0.09071831756238036,0.0,1006204107904893.9,8.881838768904737e-16,0.0
mission_trappist-1_roundtrip_eta12.0,mission,dest,14764.840852748175,28934.842703108272,766319168336925.8,0.0,0.0
mission_trappist-1_roundtrip_eta12.0,mission,side,0.04535915878119018,0.0,766319168336925.8,0.0,1.6311741264579922e-16
mission_trappist-1_roundtrip_eta12.0,mission,depart,0.09071831756238036,0.0,766319168336924.8,0.0,0.0
mission_trappist-1_roundtrip_eta2.0,mission,dest,0.6703227376690338,14297492876253.215,794914154031560.2,6.661338148002414e-16,1.5724968459303238e-16
mission_trappist-1_roundtrip_eta2.0,mission,side,0.04535915878119018,0.0,794914154031561.1,6.661338148002414e-16,0.0
mission_trappist-1_roundtrip_eta2.0,mission,depart,0.09071831756238036,0.0,794914154031557.6,6.661338148002414e-16,1.572496845930329e-16
mission_trappist-1_roundtrip_eta3.0,mission,dest,1.822126117008655,1904235434124.5732,770127639147303.9,4.440892098500627e-16,0.0
mission_trappist-1_roundtrip_eta3.0,mission,side,0.04535915878119018,0.0,770127639147303.8,4.440892098500627e-16,0.0
mission_trappist-1_roundtrip_eta3.0,mission,depart,0.09071831756238036,0.0,770127639147302.0,4.440892098500627e-16,0.0
mission_trappist-1_roundtrip_eta5.0,mission,dest,13.463792097903623,34792415993.91432,766388753111042.9,2.220446049250313e-16,0.0
mission_trappist-1_roundtrip_eta5.0,mission,side,0.04535915878119018,0.0,766388753111043.0,2.220446049250313e-16,0.0
mission_trappist-1_roundtrip_eta5.0,mission,depart,0.09071831756238036,0.0,766388753111041.8,2.220446049250313e-16,0.0
mission_trappist-1_roundtrip_eta8.0,mission,dest,270.42749330856554,86237876.45565702,766319340754808.4,0.0,0.0
mission_trappist-1_roundtrip_eta8.0,mission,side,0.04535915878119018,0.0,766319340754808.2,0.0,0.0
mission_trappist-1_roundtrip_eta8.0,mission,depart,0.09071831756238036,0.0,766319340754807.2,0.0,0.0
ride_x0.3_deta0.1_ceiling,ride,dest,0.0,0.0,0.35295446330065827,0.0,2.220446049250313e-16
ride_x0.3_deta0.1_ceiling,ride,side,0.008952465548919111,0.0,0.37104673122874715,0.0,2.7755575615628914e-16
ride_x0.3_deta0.1_ceiling,ride,depart,0.017904931097838223,0.0,0.3891389991568354,0.0,4.440892098500626e-16
ride_x0.3_deta0.1_effective,ride,dest,0.0,0.0,0.4905512508758558,0.0,1.1102230246251565e-16
ride_x0.3_deta0.1_effective,ride,side,0.006803873817178526,0.0,0.51616631292753,0.0,1.1102230246251565e-16
ride_x0.3_deta0.1_effective,ride,depart,0.013607747634357051,0.0,0.541781374979204,0.0,1.1102230246251565e-16
ride_x0.3_deta0.1_floor,ride,dest,0.0,0.0,951.7432541212502,0.0,1.5528651072453236e-15
ride_x0.3_deta0.1_floor,ride,side,3.624063528307233e-06,0.0,1002.1722288456627,0.0,4.537616766833164e-16
ride_x0.3_deta0.1_floor,ride,depart,7.248127056614466e-06,0.0,1052.6012035700753,0.0,4.3202245004481417e-16
ride_x0.3_deta0.24_ceiling,ride,dest,0.0,0.0,0.7362230431506189,1.8026106584934972e-16,1.1102230246251565e-16
ride_x0.3_deta0.24_ceiling,ride,side,0.008952465548919111,0.0,0.8311431838772877,1.8026106584934972e-16,1.3322676295501878e-15
ride_x0.3_deta0.24_ceiling,ride,depart,0.017904931097838223,0.0,0.9260633246039573,1.8026106584934972e-16,1.2212453270876722e-15
ride_x0.3_deta0.24_effective,ride,dest,0.0,0.0,1.0886490794822747,1.8026106584934972e-16,2.0396343423229488e-16
ride_x0.3_deta0.24_effective,ride,side,0.006803873817178526,0.0,1.2356048610996133,1.8026106584934972e-16,1.437641510911021e-15
ride_x0.3_deta0.24_effective,ride,depart,0.013607747634357051,0.0,1.3825606427169546,1.8026106584934972e-16,1.284831047923817e-15
ride_x0.3_deta0.24_floor,ride,dest,0.0,0.0,2279.797537744438,1.8026106584934972e-16,3.9893661025388877e-16
ride_x0.3_deta0.24_floor,ride,side,3.624063528307233e-06,0.0,2603.371117609415,1.8026106584934972e-16,3.4935268952668016e-16
ride_x0.3_deta0.24_floor,ride,depart,7.248127056614466e-06,0.0,2926.944697474387,1.8026106584934972e-16,1.24292707348754e-15
ride_x0.3_deta0.5_ceiling,ride,dest,0.0,0.0,1.2536296016813882,3.5727446467650143e-16,2.8339420782945333e-15
ride_x0.3_deta0.5_ceiling,ride,side,0.008952465548919111,0.0,1.6294300988949577,3.5727446467650143e-16,1.0901706311948791e-15
ride_x0.3_deta0.5_ceiling,ride,depart,0.017904931097838223,0.0,2.005230596108528,3.5727446467650143e-16,2.2146540687733823e-15
ride_x0.3_deta0.5_effective,ride,dest,0.0,0.0,1.8156321604968282,3.5727446467650143e-16,2.8781339673332962e-09
ride_x0.3_deta0.5_effective,ride,side,0.006803873817178526,0.0,2.331333340235101,3.5727446467650143e-16,1.2091414479536562e-09
ride_x0.3_deta0.5_effective,ride,depart,0.013607747634357051,0.0,2.847034519973378,3.5727446467650143e-16,3.815708299939892e-09
ride_x0.3_deta0.5_floor,ride,dest,0.0,0.0,5226.334253669151,3.5727446467650143e-16,2.4014971632660032e-14
ride_x0.3_deta0.5_floor,ride,side,3.624063528307233e-06,0.0,7241.584558679752,3.5727446467650143e-16,9.670686224684943e-15
ride_x0.3_deta0.5_floor,ride,depart,7.248127056614466e-06,0.0,9256.834863690328,3.5727446467650143e-16,2.593830448567948e-14
ride_x0.3_deta1.0_ceiling,ride,dest,0.0,0.0,1.8792498903758965,9.736616110508505e-16,4.088196769227611e-14
ride_x0.3_deta1.0_ceiling,ride,side,0.008952465548919111,0.0,3.3365007866380525,9.736616110508505e-16,1.7303037215429534e-15
ride_x0.3_deta1.0_ceiling,ride,depart,0.017904931097838223,0.0,4.793751682900208,9.736616110508505e-16,2.056589725712879e-14
ride_x0.3_deta1.0_effective,ride,dest,0.0,0.0,2.4407304630172653,9.736616110508505e-16,8.562207845624635e-09
ride_x0.3_deta1.0_effective,ride,side,0.006803873817178526,0.0,4.0376008759350555,9.736616110508505e-16,2.7884495782310776e-09
ride_x0.3_deta1.0_effective,ride,depart,0.013607747634357051,0.0,5.634471288852858,9.736616110508505e-16,7.705306810886516e-09
ride_x0.3_deta1.0_floor,ride,dest,0.0,0.0,15706.921409152956,9.736616110508505e-16,8.379877240862587e-13
ride_x0.3_deta1.0_floor,ride,side,3.624063528307233e-06,0.0,38733.64603039306,9.736616110508505e-16,6.360463061570214e-13
ride_x0.3_deta1.0_floor,ride,depart,7.248127056614466e-06,0.0,61760.37065163318,9.736616110508505e-16,1.0108054027367299e-12
ride_x0.3_deta12.0_ceiling,ride,dest,0.0,0.0,2.8033840123948055,5.551115123125784e-16,5.652148583790818e-10
ride_x0.3_deta12.0_ceiling,ride,side,0.008952465548919111,0.0,203443.92203446358,5.551115123125784e-16,7.868068306553744e-15
ride_x0.3_deta12.0_ceiling,ride,depart,0.017904931097838223,0.0,406885.0406849149,5.551115123125784e-16,1.1444541842184355e-14
ride_x0.3_deta12.0_effective,ride,dest,0.0,0.0,3.367851071152387,5.551115123125784e-16,9.034635106117609e-07
ride_x0.3_deta12.0_effective,ride,side,0.006803873817178526,0.0,203444.627795747,5.551115123125784e-16,8.109375287890264e-12
ride_x0.3_deta12.0_effective,ride,depart,0.013607747634357051,0.0,406885.88774042286,5.551115123125784e-16,1.55872904825753e-11
ride_x0.3_deta12.0_floor,ride,dest,0.0,0.0,55124115740389.61,5.551115123125784e-16,2.8476914139183706e-08
ride_x0.3_deta12.0_floor,ride,side,3.624063528307233e-06,0.0,3.6504737380242916e+23,5.551115123125784e-16,2.847590733602034e-08
ride_x0.3_deta12.0_floor,ride,depart,7.248127056614466e-06,0.0,7.300947475497342e+23,5.551115123125784e-16,2.847590715433431e-08
ride_x0.3_deta2.0_ceiling,ride,dest,0.0,0.0,2.4648731020293835,5.564909153803724e-16,4.967208861781101e-13
ride_x0.3_deta2.0_ceiling,ride,side,0.008952465548919111,0.0,9.495446622975177,5.564909153803724e-16,1.0289102771703211e-14
ride_x0.3_deta2.0_ceiling,ride,depart,0.017904931097838223,0.0,16.526020143920963,5.564909153803724e-16,8.706567143109034e-14
ride_x0.3_deta2.0_effective,ride,dest,0.0,0.0,3.0273935914728134,5.564909153803724e-16,2.7663332152434025e-08
ride_x0.3_deta2.0_effective,ride,side,0.006803873817178526,0.0,10.198148826727943,5.564909153803724e-16,4.434053613458323e-09
ride_x0.3_deta2.0_effective,ride,depart,0.013607747634357051,0.0,17.36890406198306,5.564909153803724e-16,1.0028617684356386e-08
ride_x0.3_deta2.0_floor,ride,dest,0.0,0.0,114635.96312531774,5.564909153803724e-16,2.0398786783701637e-11
ride_x0.3_deta2.0_floor,ride,side,3.624063528307233e-06,0.0,1617424.4600119898,5.564909153803724e-16,2.007388983510722e-11
ride_x0.3_deta2.0_floor,ride,depart,7.248127056614466e-06,0.0,3120212.956898664,5.564909153803724e-16,2.1561033951603007e-11
ride_x0.3_deta3.0_ceiling,ride,dest,0.0,0.0,2.67882477357974,5.551800269709396e-16,2.3125978744514428e-12
ride_x0.3_deta3.0_ceiling,ride,side,0.008952465548919111,0.0,25.476739874612303,5.551800269709396e-16,2.203299024966087e-14
ride_x0.3_deta3.0_ceiling,ride,depart,0.017904931097838223,0.0,48.274654975644864,5.551800269709396e-16,1.5130878361117185e-13
ride_x0.3_deta3.0_effective,ride,dest,0.0,0.0,3.2402977806516753,5.551800269709396e-16,5.81277767839943e-08
ride_x0.3_deta3.0_effective,ride,side,0.006803873817178526,0.0,26.17783151961672,5.551800269709396e-16,3.8748951598529085e-09
ride_x0.3_deta3.0_effective,ride,depart,0.013607747634357051,0.0,49.11536525858179,5.551800269709396e-16,7.965409539658323e-09
ride_x0.3_deta3.0_floor,ride,dest,0.0,0.0,840697.6875394008,5.551800269709396e-16,1.1004843895522648e-10
ride_x0.3_deta3.0_floor,ride,side,3.624063528307233e-06,0.0,85109027.78921352,5.551800269709396e-16,1.1003086387386992e-10
ride_x0.3_deta3.0_floor,ride,depart,7.248127056614466e-06,0.0,169377357.89088768,5.551800269709396e-16,1.1112332927854176e-10
ride_x0.3_deta5.0_ceiling,ride,dest,0.0,0.0,2.786461522462216,5.5511168212253e-16,1.7161380385543498e-11
ride_x0.3_deta5.0_ceiling,ride,side,0.008952465548919111,0.0,185.9406659543921,5.5511168212253e-16,2.1399510966754027e-14
ride_x0.3_deta5.0_ceiling,ride,depart,0.017904931097838223,0.0,369.09487038632216,5.5511168212253e-16,1.5092745782482763e-13
ride_x0.3_deta5.0_effective,ride,dest,0.0,0.0,3.3479296743386864,5.5511168212253e-16,1.5649635518912164e-07
ride_x0.3_deta5.0_effective,ride,side,0.006803873817178526,0.0,186.64175256891886,5.5511168212253e-16,1.511263153242463e-09
ride_x0.3_deta5.0_effective,ride,depart,0.013607747634357051,0.0,369.93557546349916,5.5511168212253e-16,2.9412369628794366e-09
ride_x0.3_deta5.0_floor,ride,dest,0.0,0.0,45832315.51380533,5.5511168212253e-16,8.581326596859647e-10
ride_x0.3_deta5.0_floor,ride,side,3.624063528307233e-06,0.0,252396299819.00803,5.5511168212253e-16,8.581451135476426e-10
ride_x0.3_deta5.0_floor,ride,depart,7.248127056614466e-06,0.0,504746767322.5022,5.5511168212253e-16,8.583010302537555e-10
ride_x0.3_deta8.0_ceiling,ride,dest,0.0,0.0,2.8024982128909843,1.4802973662227586e-15,1.1177776116809995e-10
ride_x0.3_deta8.0_ceiling,ride,side,0.008952465548919111,0.0,3726.6297533530123,1.4802973662227586e-15,5.613216102822172e-15
ride_x0.3_deta8.0_ceiling,ride,depart,0.017904931097838223,0.0,7450.457008493133,1.4802973662227586e-15,4.773028392591693e-14
ride_x0.3_deta8.0_effective,ride,dest,0.0,0.0,3.3629049375219426,1.4802973662227586e-15,3.9922955122437995e-07
ride_x0.3_deta8.0_effective,ride,side,0.006803873817178526,0.0,3727.329215874483,1.4802973662227586e-15,1.9334144642431956e-10
ride_x0.3_deta8.0_effective,ride,depart,0.013607747634357051,0.0,7451.295526811446,1.4802973662227586e-15,3.7360770468751e-10
ride_x0.3_deta8.0_floor,ride,dest,0.0,0.0,18490349229.425385,1.4802973662227586e-15,5.625027983599271e-09
ride_x0.3_deta8.0_floor,ride,side,3.624063528307233e-06,0.0,4.107682809530553e+16,1.4802973662227586e-15,5.6249396731391275e-09
ride_x0.3_deta8.0_floor,ride,depart,7.248127056614466e-06,0.0,8.215363770026182e+16,1.4802973662227586e-15,5.624942691959789e-09
ride_x0.5_deta0.1_ceiling,ride,dest,0.0,0.0,0.5241992523726628,0.0,1.1102230246251565e-16
ride_x0.5_deta0.1_ceiling,ride,side,0.010237130874500488,0.5500458735437427,0.5500458735437427,0.0,4.440892098500626e-16
ride_x0.5_deta0.1_ceiling,ride,depart,0.01790493109783823,0.0,0.5758924947148221,0.0,2.220446049250313e-16
ride_x0.5_deta0.1_effective,ride,dest,0.0,0.0,0.6093293286650602,0.0,3.3306690738754696e-16
ride_x0.5_deta0.1_effective,ride,side,0.00845855106343076,0.25491109798752143,0.6402090326909844,0.0,1.1102230246251565e-16
ride_x0.5_deta0.1_effective,ride,depart,0.016711269024649013,0.0,0.6710887367169089,0.0,4.440892098500626e-16
ride_x0.5_deta0.1_floor,ride,dest,0.0,0.0,1116.6041078865019,0.0,3.2580739954267645e-15
ride_x0.5_deta0.1_floor,ride,side,4.690491516115268e-06,759.1211451827969,1172.278181972444,0.0,1.939588051196681e-16
ride_x0.5_deta0.1_floor,ride,depart,8.51021423936089e-06,129.64882070210325,1227.952256058386,0.0,1.481319322124661e-15
ride_x0.5_deta0.24_ceiling,ride,dest,0.0,0.0,1.0034410676619454,0.0,3.983096783115785e-15
ride_x0.5_deta0.24_ceiling,ride,side,0.010239210100009217,0.5719099914454777,1.1243051912270925,0.0,9.874747829043052e-16
ride_x0.5_deta0.24_ceiling,ride,depart,0.01790493109783823,0.0,1.2451693147922398,0.0,5.528069693738384e-15
ride_x0.5_deta0.24_effective,ride,dest,0.0,0.0,1.2425952244256977,0.0,0.0
ride_x0.5_deta0.24_effective,ride,side,0.008458550542567988,0.25572720409616134,1.400401148302836,0.0,3.1711571387117184e-16
ride_x0.5_deta0.24_effective,ride,depart,0.016711269024649013,0.0,1.558207072179977,0.0,0.0
ride_x0.5_deta0.24_floor,ride,dest,0.0,0.0,2298.630700209152,0.0,1.9189899896478983e-14
ride_x0.5_deta0.24_floor,ride,side,4.690490024006183e-06,761.0756690653079,2593.0873435756394,0.0,1.402952668025158e-15
ride_x0.5_deta0.24_floor,ride,depart,8.508996402101604e-06,130.31330155401957,2887.5439869421325,0.0,1.6378529541389132e-14
ride_x0.5_deta0.5_ceiling,ride,dest,0.0,0.0,1.5789785506282532,1.4290978587060056e-16,6.595334665464853e-14
ride_x0.5_deta0.5_ceiling,ride,side,0.010239204969311692,0.5704067240905049,2.009768918119514,1.4290978587060056e-16,2.209653089199851e-15
ride_x0.5_deta0.5_ceiling,ride,depart,0.01790493109783823,0.0,2.440559285610775,1.4290978587060056e-16,4.5854440636630154e-14
ride_x0.5_deta0.5_effective,ride,dest,0.0,0.0,2.161575212199931,1.4290978587060056e-16,1.1505033741709697e-14
ride_x0.5_deta0.5_effective,ride,side,0.008458550542567988,0.2557273262185799,2.824613336832951,1.4290978587060056e-16,1.1005486763140225e-15
ride_x0.5_deta0.5_effective,ride,depart,0.016711269024649013,0.0,3.487651461465962,1.4290978587060056e-16,6.239262014303043e-15
ride_x0.5_deta0.5_floor,ride,dest,0.0,0.0,4432.038653680933,1.4290978587060056e-16,2.0828724531380854e-13
ride_x0.5_deta0.5_floor,ride,side,4.690487930159657e-06,761.917275112737,5934.634499939803,1.4290978587060056e-16,1.5325201607313027e-15
ride_x0.5_deta0.5_floor,ride,depart,8.507168247019784e-06,131.31224065692703,7437.23034619867,1.4290978587060056e-16,1.216779884633534e-13
ride_x0.5_deta1.0_ceiling,ride,dest,0.0,0.0,2.22586410497178,4.673575733044082e-16,7.569529776807729e-13
ride_x0.5_deta1.0_ceiling,ride,side,0.010239196734234266,0.5732997522694037,3.7691251710005806,4.673575733044082e-16,2.474280631114089e-14
ride_x0.5_deta1.0_ceiling,ride,depart,0.01790493109783823,0.0,5.312386237029387,4.673575733044082e-16,3.4909294196403937e-13
ride_x0.5_deta1.0_effective,ride,dest,0.0,0.0,2.860437280013113,4.673575733044082e-16,6.173162601171937e-09
ride_x0.5_deta1.0_effective,ride,side,0.008458550542567988,0.25572780226553776,4.683271317331519,4.673575733044082e-16,3.630969125007563e-09
ride_x0.5_deta1.0_effective,ride,depart,0.016711269024649013,0.0,6.50610535464995,4.673575733044082e-16,7.941394920334497e-09
ride_x0.5_deta1.0_floor,ride,dest,0.0,0.0,11061.62847185197,4.673575733044082e-16,7.763277347446704e-13
ride_x0.5_deta1.0_floor,ride,side,4.690478693981508e-06,754.9606170842117,25749.505508029008,4.673575733044082e-16,5.028277754849389e-13
ride_x0.5_deta1.0_floor,ride,depart,8.49186866941419e-06,139.6131332099759,40437.38254420605,4.673575733044082e-16,4.2877668888792644e-13
ride_x0.5_deta12.0_ceiling,ride,dest,0.0,0.0,3.153386557508326,2.2204460492503136e-16,1.1017364267806053e-08
ride_x0.5_deta12.0_ceiling,ride,side,0.010239196734234266,0.5737050598526462,203444.37820369552,2.2204460492503136e-16,1.788193332847587e-14
ride_x0.5_deta12.0_ceiling,ride,depart,0.01790493109783823,0.0,406885.6030208337,2.2204460492503136e-16,1.0285767765206517e-13
ride_x0.5_deta12.0_effective,ride,dest,0.0,0.0,3.7815824208397957,2.2204460492503136e-16,6.741374266002008e-07
ride_x0.5_deta12.0_effective,ride,side,0.008454711942487276,0.20644278815130757,203445.28006511353,2.2204460492503136e-16,1.1867542792130527e-11
ride_x0.5_deta12.0_effective,ride,depart,0.016711269024649013,0.0,406886.7785478063,2.2204460492503136e-16,1.813351298462603e-11
ride_x0.5_deta12.0_floor,ride,dest,0.0,0.0,33074469446323.52,2.2204460492503136e-16,2.84769144208357e-08
ride_x0.5_deta12.0_floor,ride,side,4.690277579293279e-06,745.0537164792936,2.1902842428145755e+23,2.2204460492503136e-16,2.847590663131551e-08
ride_x0.5_deta12.0_floor,ride,depart,8.365462534469544e-06,208.97004589812676,4.380568485298408e+23,2.2204460492503136e-16,2.8475907093055612e-08
ride_x0.5_deta2.0_ceiling,ride,dest,0.0,0.0,2.8143896009265,2.2259636615214898e-16,9.559693043457502e-12
ride_x0.5_deta2.0_ceiling,ride,side,0.010239196734234266,0.5733082654683607,9.94824078921048,2.2259636615214898e-16,1.4570487502902926e-13
ride_x0.5_deta2.0_ceiling,ride,depart,0.01790493109783823,0.0,17.082091977494468,2.2259636615214898e-16,1.74348661795187e-12
ride_x0.5_deta2.0_effective,ride,dest,0.0,0.0,3.448077028000279,2.2259636615214898e-16,2.047686385682109e-08
ride_x0.5_deta2.0_effective,ride,side,0.008458550542567988,0.25572970642200066,10.8606541632144,2.2259636615214898e-16,6.2474828739456865e-09
ride_x0.5_deta2.0_effective,ride,depart,0.016711269024649013,0.0,18.273231298428556,2.2259636615214898e-16,1.1290246424052635e-08
ride_x0.5_deta2.0_floor,ride,dest,0.0,0.0,70704.97105027654,2.2259636615214898e-16,1.602388696445873e-11
ride_x0.5_deta2.0_floor,ride,side,4.690436609839603e-06,768.986645396174,975950.2216344776,2.2259636615214898e-16,1.9810938151415604e-11
ride_x0.5_deta2.0_floor,ride,depart,8.49186866941419e-06,139.6816531738972,1881195.472218678,2.2259636615214898e-16,2.1157291805420875e-11
ride_x0.5_deta3.0_ceiling,ride,dest,0.0,0.0,3.0284083064721545,3.3310801618256375e-16,4.4969261568855126e-11
ride_x0.5_deta3.0_ceiling,ride,side,0.010239196734234266,0.5733224531534313,25.932054459605265,3.3310801618256375e-16,2.807147555239645e-13
ride_x0.5_deta3.0_ceiling,ride,depart,0.01790493109783823,0.0,48.83570061273838,3.3310801618256375e-16,3.087000910290966e-12
ride_x0.5_deta3.0_effective,ride,dest,0.0,0.0,3.6647284418762953,3.3310801618256375e-16,4.3532321937218956e-08
ride_x0.5_deta3.0_effective,ride,side,0.008458550542567988,0.25573287990459054,26.849643841025944,3.3310801618256375e-16,5.741246244766536e-09
ride_x0.5_deta3.0_effective,ride,depart,0.016711269024649013,0.0,50.034559240175604,3.3310801618256375e-16,9.350237135299472e-09
ride_x0.5_deta3.0_floor,ride,dest,0.0,0.0,506444.6481904209,3.3310801618256375e-16,1.0693151661925418e-10
ride_x0.5_deta3.0_floor,ride,side,4.690277579293279e-06,741.2097539268639,51078564.31234533,3.3310801618256375e-16,1.0995531077040669e-10
ride_x0.5_deta3.0_floor,ride,depart,8.460926325849462e-06,156.33844039807255,101650683.97650026,3.3310801618256375e-16,1.1103613872436335e-10
ride_x0.5_deta5.0_ceiling,ride,dest,0.0,0.0,3.136095616613047,9.99201027820554e-16,3.3493954270308195e-10
ride_x0.5_deta5.0_ceiling,ride,side,0.010238954691361475,0.5791369814832185,186.39641663288708,9.99201027820554e-16,3.014527884115709e-13
ride_x0.5_deta5.0_ceiling,ride,depart,0.01790493109783823,0.0,369.65673764916113,9.99201027820554e-16,3.1448223195263674e-12
ride_x0.5_deta5.0_effective,ride,dest,0.0,0.0,3.767106269561728,9.99201027820554e-16,1.1703838700175358e-07
ride_x0.5_deta5.0_effective,ride,side,0.008458550542567988,0.25574303411250987,187.30361927237294,9.99201027820554e-16,2.2473656897514454e-09
ride_x0.5_deta5.0_effective,ride,depart,0.016711269024649013,0.0,370.84013227518403,9.99201027820554e-16,3.4591067359681033e-09
ride_x0.5_deta5.0_floor,ride,dest,0.0,0.0,27501467.352664642,9.99201027820554e-16,8.577039511955946e-10
ride_x0.5_deta5.0_floor,ride,side,4.690436609839603e-06,769.6168203616926,151437869822.63452,9.99201027820554e-16,8.581440396863669e-10
ride_x0.5_deta5.0_floor,ride,depart,8.4295365196645e-06,173.21333745881424,302848238177.9163,9.99201027820554e-16,8.582995590175376e-10
ride_x0.5_deta8.0_ceiling,ride,dest,0.0,0.0,3.152253149329902,1.110223024667069e-15,2.1815870323728225e-09
ride_x0.5_deta8.0_ceiling,ride,side,0.010237130874500488,0.5502233643810945,3727.0856460383343,1.110223024667069e-15,9.907334684200358e-14
ride_x0.5_deta8.0_ceiling,ride,depart,0.01790493109783823,0.0,7451.019038927338,1.110223024667069e-15,1.0225228357286066e-12
ride_x0.5_deta8.0_effective,ride,dest,0.0,0.0,3.7840615074899153,1.110223024667069e-15,2.9948230716284456e-07
ride_x0.5_deta8.0_effective,ride,side,0.008458088770161425,0.2720457277145264,3727.9944805742384,1.110223024667069e-15,2.9044078084209095e-10
ride_x0.5_deta8.0_effective,ride,depart,0.016711269024649013,0.0,7452.204899640986,1.110223024667069e-15,4.4265886693665973e-10
ride_x0.5_deta8.0_floor,ride,dest,0.0,0.0,11094211623.642311,1.110223024667069e-15,5.625020736731336e-09
ride_x0.5_deta8.0_floor,ride,side,4.690277579293279e-06,741.8623983514657,2.4646096858967476e+16,1.110223024667069e-15,5.624939835029435e-09
ride_x0.5_deta8.0_floor,ride,depart,8.49186866941419e-06,140.27954640633683,4.929218262372333e+16,1.110223024667069e-15,5.624942561714799e-09
ride_x0.7_deta0.1_ceiling,ride,dest,0.0,0.0,1.0673924669110173,3.059692113568604e-16,1.1649415057037637e-14
ride_x0.7_deta0.1_ceiling,ride,side,0.00938895739826837,1.1136759111129768,1.1136759111129768,3.059692113568604e-16,3.9875982358840123e-16
ride_x0.7_deta0.1_ceiling,ride,depart,0.011914266562021405,0.9453037662071953,1.1599593553149379,3.059692113568604e-16,1.0336921385229228e-14
ride_x0.7_deta0.1_effective,ride,dest,0.0,0.0,1.0691989978103509,3.059692113568604e-16,1.1214384497654092e-14
ride_x0.7_deta0.1_effective,ride,side,0.009031530214908672,1.115672316354031,1.115672316354031,3.059692113568604e-16,7.960925503669877e-16
ride_x0.7_deta0.1_effective,ride,depart,0.011914266562021405,0.9453037662071953,1.1621456348977084,3.059692113568604e-16,1.2419183006609505e-14
ride_x0.7_deta0.1_floor,ride,dest,0.0,0.0,6684.01302168331,3.059692113568604e-16,1.7675513404453242e-13
ride_x0.7_deta0.1_floor,ride,side,3.8071030939883642e-06,6884.899852544762,6884.899852544762,3.059692113568604e-16,3.0382981000145707e-15
ride_x0.7_deta0.1_floor,ride,depart,4.734964275394815e-06,7085.786683406212,7085.786683406212,3.059692113568604e-16,1.762311344283864e-13
ride_x0.7_deta0.24_ceiling,ride,dest,0.0,0.0,1.7111670835435668,0.0,2.4654795748168574e-13
ride_x0.7_deta0.24_ceiling,ride,side,0.010555515308061366,1.6452511896541748,1.8827127503389385,0.0,4.481668797129132e-15
ride_x0.7_deta0.24_ceiling,ride,depart,0.011914266430344546,0.9455304659718209,2.054258417134312,0.0,2.1509891847843502e-13
ride_x0.7_deta0.24_effective,ride,dest,0.0,0.0,1.819408376039697,0.0,2.294393401484213e-13
ride_x0.7_deta0.24_effective,ride,side,0.009061853457647588,1.2475768798705462,2.0143205878035606,0.0,3.747922060253153e-15
ride_x0.7_deta0.24_effective,ride,depart,0.011914266430344546,0.9455304659718209,2.209232799567427,0.0,1.9397959671304028e-13
ride_x0.7_deta0.24_floor,ride,dest,0.0,0.0,8085.502466303874,0.0,4.896568151190692e-12
ride_x0.7_deta0.24_floor,ride,side,4.935772936198678e-06,7664.243907079672,8559.843207952244,0.0,8.032600339005763e-14
ride_x0.7_deta0.24_floor,ride,depart,5.432352994019214e-06,7450.045885754108,9034.183949600607,0.0,4.5367096208514955e-12
ride_x0.7_deta0.5_ceiling,ride,dest,0.0,0.0,2.3610544478701883,2.0415683695800081e-16,3.397269942481579e-12
ride_x0.7_deta0.5_ceiling,ride,side,0.010555516399367977,1.645765274496993,2.878985628268997,2.0415683695800081e-16,5.6764725610347334e-14
ride_x0.7_deta0.5_ceiling,ride,depart,0.011914266562021405,0.9453153010800959,3.3969168086678163,2.0415683695800081e-16,2.455819873406034e-12
ride_x0.7_deta0.5_effective,ride,dest,0.0,0.0,2.7479562948797414,2.0415683695800081e-16,2.8641623889135034e-12
ride_x0.7_deta0.5_effective,ride,side,0.009061852511946761,1.2470562435094608,3.4485491482528308,2.0415683695800081e-16,4.017800747987521e-14
ride_x0.7_deta0.5_effective,ride,depart,0.011914266562021405,0.9453153010800959,4.149142001625919,2.0415683695800081e-16,1.96167473538925e-12
ride_x0.7_deta0.5_floor,ride,dest,0.0,0.0,9965.034344891483,2.0415683695800081e-16,7.48614236946452e-11
ride_x0.7_deta0.5_floor,ride,side,4.935770573598164e-06,7668.292148228984,11485.772283029173,2.0415683695800081e-16,1.1445322173807645e-12
ride_x0.7_deta0.5_floor,ride,depart,5.431045733931961e-06,7446.5659905560815,13006.510221166869,2.0415683695800081e-16,5.937412258587438e-11
ride_x0.7_deta1.0_ceiling,ride,dest,0.0,0.0,3.031047124712371,3.3382683807457726e-16,4.235997233597417e-11
ride_x0.7_deta1.0_ceiling,ride,side,0.010555516399367977,1.6458049084904796,4.694751578020206,3.3382683807457726e-16,5.33124435898359e-13
ride_x0.7_deta1.0_ceiling,ride,depart,0.011914107453778433,0.9509516636565354,6.358456031328033,3.3382683807457726e-16,2.0979370522645607e-11
ride_x0.7_deta1.0_effective,ride,dest,0.0,0.0,3.603142007484532,3.3382683807457726e-16,4.408343469560206e-09
ride_x0.7_deta1.0_effective,ride,side,0.009061830206444119,1.2515170144638317,5.650092263250739,3.3382683807457726e-16,3.7030551415247504e-09
ride_x0.7_deta1.0_effective,ride,depart,0.011914107453778433,0.9509516636565354,7.697042519016948,3.3382683807457726e-16,7.500165482356935e-09
ride_x0.7_deta1.0_floor,ride,dest,0.0,0.0,14969.503198389133,3.3382683807457726e-16,7.971179384357427e-10
ride_x0.7_deta1.0_floor,ride,side,4.935758135123106e-06,7661.8407466471535,26356.29110533048,3.3382683807457726e-16,7.658360478233099e-12
ride_x0.7_deta1.0_floor,ride,depart,5.431045733931961e-06,7447.470562624105,37743.079012271824,3.3382683807457726e-16,3.2684659764877754e-10
ride_x0.7_deta12.0_ceiling,ride,dest,0.0,0.0,3.968439278027414,3.172065784643305e-16,6.530821493171254e-07
ride_x0.7_deta12.0_ceiling,ride,side,0.010552607401270779,1.678311202103456,203445.33425831475,3.172065784643305e-16,2.766679723008814e-13
ride_x0.7_deta12.0_ceiling,ride,depart,0.011914107453778433,0.9577546972447993,406886.70007735153,3.172065784643305e-16,6.646104456606181e-12
ride_x0.7_deta12.0_effective,ride,dest,0.0,0.0,4.546080648422961,3.172065784643305e-16,1.0649323181044985e-06
ride_x0.7_deta12.0_effective,ride,side,0.009061580539652473,1.2677939162013157,203446.30245075707,3.172065784643305e-16,1.5436826341515013e-11
ride_x0.7_deta12.0_effective,ride,depart,0.011914107453778433,0.9577546972447993,406888.058820866,3.172065784643305e-16,2.733565765046389e-11
ride_x0.7_deta12.0_floor,ride,dest,0.0,0.0,23624621040641.777,3.172065784643305e-16,2.8476904042138834e-08
ride_x0.7_deta12.0_floor,ride,side,4.931315454084172e-06,7918.047127371896,1.5644887448675545e+23,3.172065784643305e-16,2.84759070909056e-08
ride_x0.7_deta12.0_floor,ride,depart,5.3929381735741705e-06,7599.521152670689,3.128977489498864e+23,3.172065784643305e-16,2.8475907093055602e-08
ride_x0.7_deta2.0_ceiling,ride,dest,0.0,0.0,3.6226551549917656,1.7489714483383134e-15,5.667367803053844e-10
ride_x0.7_deta2.0_ceiling,ride,side,0.010555516399367977,1.6459633960313824,10.894421695154957,1.7489714483383134e-15,3.665571172475991e-12
ride_x0.7_deta2.0_ceiling,ride,depart,0.011914107453778433,0.951096049190361,18.166188235318167,1.7489714483383134e-15,1.1741376051377758e-10
ride_x0.7_deta2.0_effective,ride,dest,0.0,0.0,4.195539964583809,1.7489714483383134e-15,1.553132233730804e-08
ride_x0.7_deta2.0_effective,ride,side,0.009061806113453771,1.2428288390877187,11.851595871313721,1.7489714483383134e-15,7.0880956740890606e-09
ride_x0.7_deta2.0_effective,ride,depart,0.011914107453778433,0.951096049190361,19.507651778043655,1.7489714483383134e-15,1.1952888012334074e-08
ride_x0.7_deta2.0_floor,ride,dest,0.0,0.0,57782.45928252995,1.7489714483383134e-15,3.288555471475374e-09
ride_x0.7_deta2.0_floor,ride,side,4.935758135123106e-06,7665.546301679578,707227.3605123713,1.7489714483383134e-15,1.4631351774077637e-11
ride_x0.7_deta2.0_floor,ride,depart,5.416693711281269e-06,7469.795160284915,1356672.2617422126,1.7489714483383134e-15,1.2480918129575227e-10
ride_x0.7_deta3.0_ceiling,ride,dest,0.0,0.0,3.8369687282969425,1.427605783639559e-15,2.706151818516493e-09
ride_x0.7_deta3.0_ceiling,ride,side,0.010555332185942099,1.6525148653348853,26.88099198344763,1.427605783639559e-15,7.532717402985681e-12
ride_x0.7_deta3.0_ceiling,ride,depart,0.011914107453778433,0.9513365256645034,49.92501523859836,1.427605783639559e-15,2.160891803560874e-10
ride_x0.7_deta3.0_effective,ride,dest,0.0,0.0,4.407478173284229,1.427605783639559e-15,3.4459912045827444e-08
ride_x0.7_deta3.0_effective,ride,side,0.009061580539652473,1.260741800616776,27.83266040973437,1.427605783639559e-15,6.740244983637207e-09
ride_x0.7_deta3.0_effective,ride,depart,0.011914107453778433,0.9513365256645034,51.257842646184535,1.427605783639559e-15,1.028289741546586e-08
ride_x0.7_deta3.0_floor,ride,dest,0.0,0.0,369104.15715791134,1.427605783639559e-15,2.513003795382673e-09
ride_x0.7_deta3.0_floor,ride,side,4.935758135123106e-06,7671.62207486223,36500282.85678305,1.427605783639559e-15,1.0939388383892475e-10
ride_x0.7_deta3.0_floor,ride,depart,5.396857874177387e-06,7494.456428671478,72631461.55640821,1.427605783639559e-15,9.717893282884474e-11
ride_x0.7_deta5.0_ceiling,ride,dest,0.0,0.0,3.9454341176313874,1.4274300397436486e-15,2.0242867533268566e-08
ride_x0.7_deta5.0_ceiling,ride,side,0.010554779422351437,1.6344297349179007,187.3465401021642,1.4274300397436486e-15,8.37769440001027e-12
ride_x0.7_deta5.0_ceiling,ride,depart,0.011914107453778433,0.9521046675665149,370.747646086697,1.4274300397436486e-15,2.2388813839162314e-10
ride_x0.7_deta5.0_effective,ride,dest,0.0,0.0,4.51594508502676,1.4274300397436486e-15,1.0462056800265302e-07
ride_x0.7_deta5.0_effective,ride,side,0.009061830206444119,1.2527568504564213,188.29820429744635,1.4274300397436486e-15,2.7752448875637154e-09
ride_x0.7_deta5.0_effective,ride,depart,0.011914107453778433,0.9521046675665149,372.08046350986587,1.4274300397436486e-15,4.078709437041008e-09
ride_x0.7_deta5.0_floor,ride,dest,0.0,0.0,19651318.599849246,1.4274300397436486e-15,4.777833410478367e-10
ride_x0.7_deta5.0_floor,ride,side,4.9355202273817165e-06,7676.248626666103,108169977474.68349,1.4274300397436486e-15,8.581409617349851e-10
ride_x0.7_deta5.0_floor,ride,depart,5.3767384452778125e-06,7532.604326338969,216320303630.7671,1.4274300397436486e-15,8.58262369735364e-10
ride_x0.7_deta8.0_ceiling,ride,dest,0.0,0.0,3.963476879780731,1.4274296031433745e-15,1.3107322776014878e-07
ride_x0.7_deta8.0_ceiling,ride,side,0.010555516399367977,1.6491172437031731,3728.037730429439,1.4274296031433745e-15,2.7890807255379526e-12
ride_x0.7_deta8.0_ceiling,ride,depart,0.011906060820557238,0.9085173719878344,7452.1119839790945,1.4274296031433745e-15,7.250292006682116e-11
ride_x0.7_deta8.0_effective,ride,dest,0.0,0.0,4.5317204737800925,1.4274296031433745e-15,3.3465443360598445e-07
ride_x0.7_deta8.0_effective,ride,side,0.009061580539652473,1.2636998341079841,3728.984013284744,1.4274296031433745e-15,3.5774843324837757e-10
ride_x0.7_deta8.0_effective,ride,depart,0.011906060820557238,0.9085173719878344,7453.436306095706,1.4274296031433745e-15,5.614375183728732e-10
ride_x0.7_deta8.0_floor,ride,dest,0.0,0.0,7924444338.554792,1.4274296031433745e-15,5.618839183884752e-09
ride_x0.7_deta8.0_floor,ride,side,4.935385497876607e-06,7767.12885352426,1.7604354900543162e+16,1.4274296031433745e-15,5.62494011052599e-09
ride_x0.7_deta8.0_floor,ride,depart,5.3929381735741705e-06,7505.513764866626,3.520870187664199e+16,1.4274296031433745e-15,5.624942512617526e-09
