dest,dist_ly,maneuver,eta,delta_eta_total,mf_over_m0,t_earth_yr,tau_ship_yr,burn_t_earth_s,authority,g3_t_rel,g3_tau_rel,g3_dist_rel
Proxima Centauri,4.25,flyby,0.1,0.1,0.7408182206817179,42.64157231207948,42.429249218508495,1.7585279652267762e-06,燃料[R] 時間[R-standard] バーンa[N]@x0=0.3,0.0,0.0,0.0
Proxima Centauri,4.25,flyby,0.24,0.24,0.4867522559599717,18.047034854466627,17.539468835695487,4.2540068911593785e-06,燃料[R] 時間[R-standard] バーンa[N]@x0=0.3,0.0,0.0,0.0
Proxima Centauri,4.25,flyby,0.5,0.5,0.22313016014842982,9.196802008389412,8.155897693173653,9.148351794159287e-06,燃料[R] 時間[R-standard] バーンa[N]@x0=0.3,0.0,0.0,0.0
Proxima Centauri,4.25,flyby,1.0,1.0,0.049787068367863944,5.5803999633724155,3.6164020450174164,2.063183804387278e-05,燃料[R] 時間[R-standard] バーンa[N]@x0=0.3,0.0,0.0,0.0
Proxima Centauri,4.25,flyby,2.0,2.0,0.0024787521766663585,4.408587563092504,1.1718124002807675,6.367317949228902e-05,燃料[R] 時間[R-standard] バーンa[N]@x0=0.3,0.0,0.0,0.0
Proxima Centauri,4.25,flyby,3.0,3.0,0.00012340980408667956,4.271121749083683,0.42424167109366195,0.00017587386241945985,燃料[R] 時間[R-standard] バーンa[N]@x0=0.3,0.0,0.0,0.0
Proxima Centauri,4.25,flyby,5.0,5.0,3.059023205018258e-07,4.250385916924132,0.05727514978223634,0.0013027119366935814,燃料[R] 時間[R-standard] バーンa[N]@x0=0.3,1.9894679771375361e-16,0.0,0.0
Proxima Centauri,4.25,flyby,8.0,8.0,3.775134544279098e-11,4.250000956549648,0.0028514326619524092,0.026166853733499758,燃料[R] 時間[R-standard] バーンa[N]@x0=0.3,1.9896481809410954e-16,0.0,0.0
Proxima Centauri,4.25,flyby,12.0,12.0,2.3195228302435696e-16,4.250000000321443,5.2225811124746724e-05,1.4286619667577505,燃料[R] 時間[R-standard] バーンa[N]@x0=0.3,1.9896486286017328e-16,0.0,0.0
Proxima Centauri,4.25,arrive,0.1,0.2,0.5488116360940264,42.6415723120795,42.42924921850852,3.5170559304535524e-06,燃料[R] 時間[R-standard] バーンa[N]@x0=0.3,0.0,0.0,1.9896486287522173e-16
Proxima Centauri,4.25,arrive,0.24,0.48,0.23692775868212176,18.047034854466695,17.53946883569556,8.508013782318757e-06,燃料[R] 時間[R-standard] バーンa[N]@x0=0.3,0.0,0.0,0.0
Proxima Centauri,4.25,arrive,0.5,1.0,0.049787068367863944,9.196802008389547,8.155897693173793,1.8296703588318574e-05,燃料[R] 時間[R-standard] バーンa[N]@x0=0.3,3.6778030730608954e-16,0.0,0.0
Proxima Centauri,4.25,arrive,1.0,2.0,0.0024787521766663585,5.580399963372672,3.6164020450177152,4.126367608774556e-05,燃料[R] 時間[R-standard] バーンa[N]@x0=0.3,0.0,0.0,1.9896486287522173e-16
Proxima Centauri,4.25,arrive,2.0,4.0,6.14421235332821e-06,4.408587563092927,1.1718124002814565,0.00012734635898457804,燃料[R] 時間[R-standard] バーンa[N]@x0=0.3,0.0,0.0,0.0
Proxima Centauri,4.25,arrive,3.0,6.0,1.522997974471263e-08,4.271121749084185,0.4242416710948274,0.0003517477248389197,燃料[R] 時間[R-standard] バーンa[N]@x0=0.3,1.979809326205712e-16,0.0,1.9896486287522173e-16
Proxima Centauri,4.25,arrive,5.0,10.0,9.357622968840175e-14,4.250385916924681,0.05727514978446904,0.002605423873387163,燃料[R] 時間[R-standard] バーンa[N]@x0=0.3,1.9894679771372793e-16,0.0,1.9896486287522173e-16
Proxima Centauri,4.25,arrive,8.0,16.0,1.4251640827409352e-21,4.250000956550204,0.002851432665846996,0.052333707466999516,燃料[R] 時間[R-standard] バーンa[N]@x0=0.3,1.9896481809408348e-16,0.0,1.9896486287522173e-16
Proxima Centauri,4.25,arrive,12.0,24.0,5.380186160021138e-32,4.250000000321999,5.222581724423207e-05,2.857323933515501,燃料[R] 時間[R-standard] バーンa[N]@x0=0.3,1.9896486286014724e-16,0.0,1.9896486287522173e-16
Proxima Centauri,4.25,roundtrip,0.1,0.4,0.301194211912202,85.283144624159,84.85849843701703,7.034111860907105e-06,燃料[R] 時間[R-standard] バーンa[N]@x0=0.3,0.0,0.0,1.9896486287522173e-16
Proxima Centauri,4.25,roundtrip,0.24,0.96,0.056134762834133725,36.09406970893339,35.07893767139112,1.7016027564637514e-05,燃料[R] 時間[R-standard] バーンa[N]@x0=0.3,0.0,0.0,0.0
Proxima Centauri,4.25,roundtrip,0.5,2.0,0.0024787521766663585,18.393604016779094,16.311795386347587,3.659340717663715e-05,燃料[R] 時間[R-standard] バーンa[N]@x0=0.3,3.6778030730608954e-16,0.0,0.0
Proxima Centauri,4.25,roundtrip,1.0,4.0,6.14421235332821e-06,11.160799926745344,7.2328040900354305,8.252735217549113e-05,燃料[R] 時間[R-standard] バーンa[N]@x0=0.3,0.0,0.0,1.9896486287522173e-16
Proxima Centauri,4.25,roundtrip,2.0,8.0,3.775134544279098e-11,8.817175126185854,2.343624800562913,0.00025469271796915607,燃料[R] 時間[R-standard] バーンa[N]@x0=0.3,0.0,0.0,0.0
Proxima Centauri,4.25,roundtrip,3.0,12.0,2.3195228302435696e-16,8.54224349816837,0.8484833421896548,0.0007034954496778394,燃料[R] 時間[R-standard] バーンa[N]@x0=0.3,1.979809326205712e-16,0.0,1.9896486287522173e-16
Proxima Centauri,4.25,roundtrip,5.0,20.0,8.75651076269652e-27,8.500771833849361,0.11455029956893809,0.005210847746774326,燃料[R] 時間[R-standard] バーンa[N]@x0=0.3,1.9894679771372793e-16,0.0,1.9896486287522173e-16
Proxima Centauri,4.25,roundtrip,8.0,32.0,2.031092662734811e-42,8.500001913100409,0.005702865331693992,0.10466741493399903,燃料[R] 時間[R-standard] バーンa[N]@x0=0.3,1.9896481809408348e-16,0.0,1.9896486287522173e-16
Proxima Centauri,4.25,roundtrip,12.0,48.0,2.8946403116483003e-63,8.500000000643999,0.00010445163448846414,5.714647867031002,燃料[R] 時間[R-standard] バーンa[N]@x0=0.3,1.9896486286014724e-16,0.0,1.9896486287522173e-16
TRAPPIST-1,40.5,flyby,0.1,0.1,0.7408182206817179,406.34910085628667,404.32578667049256,1.7585279652267762e-06,燃料[R] 時間[R-standard] バーンa[N]@x0=0.3,1.331821396627142e-16,0.0,0.0
TRAPPIST-1,40.5,flyby,0.24,0.24,0.4867522559599717,171.97762626021085,167.14082066956823,4.2540068911593785e-06,燃料[R] 時間[R-standard] バーンa[N]@x0=0.3,1.57341521333061e-16,0.0,0.0
TRAPPIST-1,40.5,flyby,0.5,0.5,0.22313016014842982,87.64011325641559,77.72090742906538,9.148351794159287e-06,燃料[R] 時間[R-standard] バーンa[N]@x0=0.3,3.0875383823228137e-16,0.0,0.0
TRAPPIST-1,40.5,flyby,1.0,1.0,0.049787068367863944,53.17792906272317,34.46218419369283,2.063183804387278e-05,燃料[R] 時間[R-standard] バーンa[N]@x0=0.3,1.272107706522094e-16,0.0,1.6703223056191454e-16
TRAPPIST-1,40.5,flyby,2.0,2.0,0.0024787521766663585,42.01124618946612,11.16668287325791,6.367317949228902e-05,燃料[R] 時間[R-standard] バーンa[N]@x0=0.3,0.0,0.0,0.0
TRAPPIST-1,40.5,flyby,3.0,3.0,0.00012340980408667956,40.701277844204924,4.042773571588486,0.00017587386241945985,燃料[R] 時間[R-standard] バーンa[N]@x0=0.3,1.66206215039529e-16,0.0,1.6703223056191454e-16
TRAPPIST-1,40.5,flyby,5.0,5.0,3.059023205018258e-07,40.50367756127233,0.5457984861410908,0.0013027119366935814,燃料[R] 時間[R-standard] バーンa[N]@x0=0.3,0.0,0.0,0.0
TRAPPIST-1,40.5,flyby,8.0,8.0,3.775134544279098e-11,40.500009115350736,0.027172475921857373,0.026166853733499758,燃料[R] 時間[R-standard] バーンa[N]@x0=0.3,1.6703219296791395e-16,0.0,0.0
TRAPPIST-1,40.5,flyby,12.0,12.0,2.3195228302435696e-16,40.50000000305842,0.0004976812067578585,1.4286619667577505,燃料[R] 時間[R-standard] バーンa[N]@x0=0.3,0.0,0.0,1.6703223056191454e-16
TRAPPIST-1,40.5,arrive,0.1,0.2,0.5488116360940264,406.34910085628667,404.32578667049256,3.5170559304535524e-06,燃料[R] 時間[R-standard] バーンa[N]@x0=0.3,1.331821396627142e-16,0.0,1.6703223056191454e-16
TRAPPIST-1,40.5,arrive,0.24,0.48,0.23692775868212176,171.9776262602109,167.14082066956828,8.508013782318757e-06,燃料[R] 時間[R-standard] バーンa[N]@x0=0.3,1.5734152133306095e-16,0.0,1.6703223056191454e-16
TRAPPIST-1,40.5,arrive,0.5,1.0,0.049787068367863944,87.64011325641573,77.7209074290655,1.8296703588318574e-05,燃料[R] 時間[R-standard] バーンa[N]@x0=0.3,3.087538382322809e-16,0.0,1.6703223056191454e-16
TRAPPIST-1,40.5,arrive,1.0,2.0,0.0024787521766663585,53.177929062723436,34.462184193693126,4.126367608774556e-05,燃料[R] 時間[R-standard] バーンa[N]@x0=0.3,0.0,0.0,1.6703223056191454e-16
TRAPPIST-1,40.5,arrive,2.0,4.0,6.14421235332821e-06,42.011246189466554,11.1666828732586,0.00012734635898457804,燃料[R] 時間[R-standard] バーンa[N]@x0=0.3,1.610236770232651e-16,0.0,0.0
TRAPPIST-1,40.5,arrive,3.0,6.0,1.522997974471263e-08,40.70127784420543,4.042773571589652,0.0003517477248389197,燃料[R] 時間[R-standard] バーンa[N]@x0=0.3,0.0,0.0,3.340644611238291e-16
TRAPPIST-1,40.5,arrive,5.0,10.0,9.357622968840175e-14,40.50367756127288,0.5457984861433235,0.002605423873387163,燃料[R] 時間[R-standard] バーンa[N]@x0=0.3,1.6701706474736578e-16,0.0,1.6703223056191454e-16
TRAPPIST-1,40.5,arrive,8.0,16.0,1.4251640827409352e-21,40.5000091153513,0.02717247592575196,0.052333707466999516,燃料[R] 時間[R-standard] バーンa[N]@x0=0.3,3.3406438593582327e-16,0.0,0.0
TRAPPIST-1,40.5,arrive,12.0,24.0,5.380186160021138e-32,40.50000000305897,0.0004976812128773438,2.857323933515501,燃料[R] 時間[R-standard] バーンa[N]@x0=0.3,0.0,0.0,0.0
TRAPPIST-1,40.5,roundtrip,0.1,0.4,0.301194211912202,812.6982017125733,808.6515733409851,7.034111860907105e-06,燃料[R] 時間[R-standard] バーンa[N]@x0=0.3,1.331821396627142e-16,0.0,1.6703223056191454e-16
TRAPPIST-1,40.5,roundtrip,0.24,0.96,0.056134762834133725,343.9552525204218,334.28164133913657,1.7016027564637514e-05,燃料[R] 時間[R-standard] バーンa[N]@x0=0.3,1.5734152133306095e-16,0.0,1.6703223056191454e-16
TRAPPIST-1,40.5,roundtrip,0.5,2.0,0.0024787521766663585,175.28022651283146,155.441814858131,3.659340717663715e-05,燃料[R] 時間[R-standard] バーンa[N]@x0=0.3,3.087538382322809e-16,0.0,1.6703223056191454e-16
TRAPPIST-1,40.5,roundtrip,1.0,4.0,6.14421235332821e-06,106.35585812544687,68.92436838738625,8.252735217549113e-05,燃料[R] 時間[R-standard] バーンa[N]@x0=0.3,0.0,0.0,1.6703223056191454e-16
TRAPPIST-1,40.5,roundtrip,2.0,8.0,3.775134544279098e-11,84.02249237893311,22.3333657465172,0.00025469271796915607,燃料[R] 時間[R-standard] バーンa[N]@x0=0.3,1.610236770232651e-16,0.0,0.0
TRAPPIST-1,40.5,roundtrip,3.0,12.0,2.3195228302435696e-16,81.40255568841086,8.085547143179303,0.0007034954496778394,燃料[R] 時間[R-standard] バーンa[N]@x0=0.3,0.0,0.0,3.340644611238291e-16
TRAPPIST-1,40.5,roundtrip,5.0,20.0,8.75651076269652e-27,81.00735512254576,1.091596972286647,0.005210847746774326,燃料[R] 時間[R-standard] バーンa[N]@x0=0.3,1.6701706474736578e-16,0.0,1.6703223056191454e-16
TRAPPIST-1,40.5,roundtrip,8.0,32.0,2.031092662734811e-42,81.0000182307026,0.05434495185150392,0.10466741493399903,燃料[R] 時間[R-standard] バーンa[N]@x0=0.3,3.3406438593582327e-16,0.0,0.0
TRAPPIST-1,40.5,roundtrip,12.0,48.0,2.8946403116483003e-63,81.00000000611794,0.0009953624257546877,5.714647867031002,燃料[R] 時間[R-standard] バーンa[N]@x0=0.3,0.0,0.0,0.0
Sgr A*,26000.0,flyby,0.1,0.1,0.7408182206817179,260866.08943860373,259567.17168969882,1.7585279652267762e-06,燃料[R] 時間[R-standard] バーンa[N]@x0=0.3,0.0,0.0,0.0
Sgr A*,26000.0,flyby,0.24,0.24,0.4867522559599717,110405.38969791308,107300.27993601904,4.2540068911593785e-06,燃料[R] 時間[R-standard] バーンa[N]@x0=0.3,0.0,0.0,0.0
Sgr A*,26000.0,flyby,0.5,0.5,0.22313016014842982,56262.78875720498,49894.90353470853,9.148351794159287e-06,燃料[R] 時間[R-standard] バーンa[N]@x0=0.3,2.462430611378691e-16,0.0,0.0
Sgr A*,26000.0,flyby,1.0,1.0,0.049787068367863944,34138.91742298262,22123.87133422236,2.063183804387278e-05,燃料[R] 時間[R-standard] バーンa[N]@x0=0.3,0.0,0.0,0.0
Sgr A*,26000.0,flyby,2.0,2.0,0.0024787521766663585,26970.182738916254,7168.734684066365,6.367317949228902e-05,燃料[R] 時間[R-standard] バーンa[N]@x0=0.3,1.2842257564440357e-16,0.0,0.0
Sgr A*,26000.0,flyby,3.0,3.0,0.00012340980408667956,26129.215406155923,2595.360811389392,0.00017587386241945985,燃料[R] 時間[R-standard] バーンa[N]@x0=0.3,1.325558490407583e-16,0.0,0.0
Sgr A*,26000.0,flyby,5.0,5.0,3.059023205018258e-07,26002.360903532506,350.3891515953185,0.0013027119366935814,燃料[R] 時間[R-standard] バーンa[N]@x0=0.3,0.0,0.0,1.3321462818968692e-16
Sgr A*,26000.0,flyby,8.0,8.0,3.775134544279098e-11,26000.005851829745,17.444058614004696,0.026166853733499758,燃料[R] 時間[R-standard] バーンa[N]@x0=0.3,1.3321459820702737e-16,0.0,0.0
Sgr A*,26000.0,flyby,12.0,12.0,2.3195228302435696e-16,26000.00000196307,0.3194990423912479,1.4286619667577505,燃料[R] 時間[R-standard] バーンa[N]@x0=0.3,1.3321462817962887e-16,0.0,0.0
Sgr A*,26000.0,arrive,0.1,0.2,0.5488116360940264,260866.08943860373,259567.17168969882,3.5170559304535524e-06,燃料[R] 時間[R-standard] バーンa[N]@x0=0.3,0.0,0.0,0.0
Sgr A*,26000.0,arrive,0.24,0.48,0.23692775868212176,110405.38969791308,107300.27993601904,8.508013782318757e-06,燃料[R] 時間[R-standard] バーンa[N]@x0=0.3,0.0,0.0,0.0
Sgr A*,26000.0,arrive,0.5,1.0,0.049787068367863944,56262.78875720498,49894.90353470853,1.8296703588318574e-05,燃料[R] 時間[R-standard] バーンa[N]@x0=0.3,2.462430611378691e-16,0.0,0.0
Sgr A*,26000.0,arrive,1.0,2.0,0.0024787521766663585,34138.91742298262,22123.87133422236,4.126367608774556e-05,燃料[R] 時間[R-standard] バーンa[N]@x0=0.3,0.0,0.0,0.0
Sgr A*,26000.0,arrive,2.0,4.0,6.14421235332821e-06,26970.18273891625,7168.734684066365,0.00012734635898457804,燃料[R] 時間[R-standard] バーンa[N]@x0=0.3,2.568451512888072e-16,0.0,1.3321462818968692e-16
Sgr A*,26000.0,arrive,3.0,6.0,1.522997974471263e-08,26129.21540615592,2595.3608113893933,0.0003517477248389197,燃料[R] 時間[R-standard] バーンa[N]@x0=0.3,1.325558490407583e-16,0.0,0.0
Sgr A*,26000.0,arrive,5.0,10.0,9.357622968840175e-14,26002.360903532506,350.3891515953207,0.002605423873387163,燃料[R] 時間[R-standard] バーンa[N]@x0=0.3,1.3320253286928732e-16,0.0,0.0
Sgr A*,26000.0,arrive,8.0,16.0,1.4251640827409352e-21,26000.005851829745,17.44405861400859,0.052333707466999516,燃料[R] 時間[R-standard] バーンa[N]@x0=0.3,1.3321459820702737e-16,0.0,0.0
Sgr A*,26000.0,arrive,12.0,24.0,5.380186160021138e-32,26000.00000196307,0.3194990423973674,2.857323933515501,燃料[R] 時間[R-standard] バーンa[N]@x0=0.3,1.3321462817962887e-16,0.0,2.6642925637937384e-16
Sgr A*,26000.0,roundtrip,0.1,0.4,0.301194211912202,521732.17887720745,519134.34337939764,7.034111860907105e-06,燃料[R] 時間[R-standard] バーンa[N]@x0=0.3,0.0,0.0,0.0
Sgr A*,26000.0,roundtrip,0.24,0.96,0.056134762834133725,220810.77939582616,214600.55987203808,1.7016027564637514e-05,燃料[R] 時間[R-standard] バーンa[N]@x0=0.3,0.0,0.0,0.0
Sgr A*,26000.0,roundtrip,0.5,2.0,0.0024787521766663585,112525.57751440996,99789.80706941706,3.659340717663715e-05,燃料[R] 時間[R-standard] バーンa[N]@x0=0.3,2.462430611378691e-16,0.0,0.0
Sgr A*,26000.0,roundtrip,1.0,4.0,6.14421235332821e-06,68277.83484596523,44247.74266844472,8.252735217549113e-05,燃料[R] 時間[R-standard] バーンa[N]@x0=0.3,0.0,0.0,0.0
Sgr A*,26000.0,roundtrip,2.0,8.0,3.775134544279098e-11,53940.3654778325,14337.46936813273,0.00025469271796915607,燃料[R] 時間[R-standard] バーンa[N]@x0=0.3,2.568451512888072e-16,0.0,1.3321462818968692e-16
Sgr A*,26000.0,roundtrip,3.0,12.0,2.3195228302435696e-16,52258.43081231184,5190.721622778787,0.0007034954496778394,燃料[R] 時間[R-standard] バーンa[N]@x0=0.3,1.325558490407583e-16,0.0,0.0
Sgr A*,26000.0,roundtrip,5.0,20.0,8.75651076269652e-27,52004.72180706501,700.7783031906414,0.005210847746774326,燃料[R] 時間[R-standard] バーンa[N]@x0=0.3,1.3320253286928732e-16,0.0,0.0
Sgr A*,26000.0,roundtrip,8.0,32.0,2.031092662734811e-42,52000.01170365949,34.88811722801718,0.10466741493399903,燃料[R] 時間[R-standard] バーンa[N]@x0=0.3,1.3321459820702737e-16,0.0,0.0
Sgr A*,26000.0,roundtrip,12.0,48.0,2.8946403116483003e-63,52000.00000392614,0.6389980847947349,5.714647867031002,燃料[R] 時間[R-standard] バーンa[N]@x0=0.3,1.3321462817962887e-16,0.0,2.6642925637937384e-16
M31 (Andromeda),2540000.0,flyby,0.1,0.1,0.7408182206817179,25484610.27592513,25357716.003532115,1.7585279652267762e-06,燃料[R] 時間[R-standard] バーンa[N]@x0=0.3,0.0,0.0,0.0
M31 (Andromeda),2540000.0,flyby,0.24,0.24,0.4867522559599717,10785757.301257662,10482411.96298032,4.2540068911593785e-06,燃料[R] 時間[R-standard] バーンa[N]@x0=0.3,1.6441619080881158e-16,0.0,0.0
M31 (Andromeda),2540000.0,flyby,0.5,0.5,0.22313016014842982,5496441.670896179,4874348.268390757,9.148351794159287e-06,燃料[R] 時間[R-standard] バーンa[N]@x0=0.3,1.6131828887142291e-16,0.0,0.0
M31 (Andromeda),2540000.0,flyby,1.0,1.0,0.049787068367863944,3335109.625168301,2161332.045727877,2.063183804387278e-05,燃料[R] 時間[R-standard] バーンa[N]@x0=0.3,0.0,0.0,0.0
M31 (Andromeda),2540000.0,flyby,2.0,2.0,0.0024787521766663585,2634779.390647972,700330.2345203294,6.367317949228902e-05,燃料[R] 時間[R-standard] バーンa[N]@x0=0.3,0.0,0.0,0.0
M31 (Andromeda),2540000.0,flyby,3.0,3.0,0.00012340980408667956,2552623.3512167707,253546.78695880974,0.00017587386241945985,燃料[R] 時間[R-standard] バーンa[N]@x0=0.3,1.736794746486786e-16,0.0,0.0
M31 (Andromeda),2540000.0,flyby,5.0,5.0,3.059023205018258e-07,2540230.642114329,34230.32480969628,0.0013027119366935814,燃料[R] 時間[R-standard] バーンa[N]@x0=0.3,1.7452678322401113e-16,0.0,0.0
M31 (Andromeda),2540000.0,flyby,8.0,8.0,3.775134544279098e-11,2540000.5716787516,1704.1503415216202,0.026166853733499758,燃料[R] 時間[R-standard] バーンa[N]@x0=0.3,1.7454259166653037e-16,0.0,0.0
M31 (Andromeda),2540000.0,flyby,12.0,12.0,2.3195228302435696e-16,2540000.000191777,31.21259875609174,1.4286619667577505,燃料[R] 時間[R-standard] バーンa[N]@x0=0.3,1.7454263093771843e-16,0.0,0.0
M31 (Andromeda),2540000.0,arrive,0.1,0.2,0.5488116360940264,25484610.27592513,25357716.003532115,3.5170559304535524e-06,燃料[R] 時間[R-standard] バーンa[N]@x0=0.3,0.0,0.0,0.0
M31 (Andromeda),2540000.0,arrive,0.24,0.48,0.23692775868212176,10785757.301257662,10482411.96298032,8.508013782318757e-06,燃料[R] 時間[R-standard] バーンa[N]@x0=0.3,1.6441619080881158e-16,0.0,0.0
M31 (Andromeda),2540000.0,arrive,0.5,1.0,0.049787068367863944,5496441.670896179,4874348.268390757,1.8296703588318574e-05,燃料[R] 時間[R-standard] バーンa[N]@x0=0.3,1.6131828887142291e-16,0.0,0.0
M31 (Andromeda),2540000.0,arrive,1.0,2.0,0.0024787521766663585,3335109.625168301,2161332.045727877,4.126367608774556e-05,燃料[R] 時間[R-standard] バーンa[N]@x0=0.3,0.0,0.0,0.0
M31 (Andromeda),2540000.0,arrive,2.0,4.0,6.14421235332821e-06,2634779.390647972,700330.2345203294,0.00012734635898457804,燃料[R] 時間[R-standard] バーンa[N]@x0=0.3,0.0,0.0,0.0
M31 (Andromeda),2540000.0,arrive,3.0,6.0,1.522997974471263e-08,2552623.3512167707,253546.78695880974,0.0003517477248389197,燃料[R] 時間[R-standard] バーンa[N]@x0=0.3,1.736794746486786e-16,0.0,0.0
M31 (Andromeda),2540000.0,arrive,5.0,10.0,9.357622968840175e-14,2540230.642114329,34230.324809696285,0.002605423873387163,燃料[R] 時間[R-standard] バーンa[N]@x0=0.3,1.7452678322401113e-16,0.0,0.0
M31 (Andromeda),2540000.0,arrive,8.0,16.0,1.4251640827409352e-21,2540000.5716787516,1704.1503415216241,0.052333707466999516,燃料[R] 時間[R-standard] バーンa[N]@x0=0.3,1.7454259166653037e-16,0.0,0.0
M31 (Andromeda),2540000.0,arrive,12.0,24.0,5.380186160021138e-32,2540000.000191777,31.21259875609786,2.857323933515501,燃料[R] 時間[R-standard] バーンa[N]@x0=0.3,1.7454263093771843e-16,0.0,0.0
M31 (Andromeda),2540000.0,roundtrip,0.1,0.4,0.301194211912202,50969220.55185026,50715432.00706423,7.034111860907105e-06,燃料[R] 時間[R-standard] バーンa[N]@x0=0.3,0.0,0.0,0.0
M31 (Andromeda),2540000.0,roundtrip,0.24,0.96,0.056134762834133725,21571514.602515325,20964823.92596064,1.7016027564637514e-05,燃料[R] 時間[R-standard] バーンa[N]@x0=0.3,1.6441619080881158e-16,0.0,0.0
M31 (Andromeda),2540000.0,roundtrip,0.5,2.0,0.0024787521766663585,10992883.341792358,9748696.536781514,3.659340717663715e-05,燃料[R] 時間[R-standard] バーンa[N]@x0=0.3,1.6131828887142291e-16,0.0,0.0
M31 (Andromeda),2540000.0,roundtrip,1.0,4.0,6.14421235332821e-06,6670219.250336602,4322664.091455754,8.252735217549113e-05,燃料[R] 時間[R-standard] バーンa[N]@x0=0.3,0.0,0.0,0.0
M31 (Andromeda),2540000.0,roundtrip,2.0,8.0,3.775134544279098e-11,5269558.781295944,1400660.4690406588,0.00025469271796915607,燃料[R] 時間[R-standard] バーンa[N]@x0=0.3,0.0,0.0,0.0
M31 (Andromeda),2540000.0,roundtrip,3.0,12.0,2.3195228302435696e-16,5105246.702433541,507093.5739176195,0.0007034954496778394,燃料[R] 時間[R-standard] バーンa[N]@x0=0.3,1.736794746486786e-16,0.0,0.0
M31 (Andromeda),2540000.0,roundtrip,5.0,20.0,8.75651076269652e-27,5080461.284228658,68460.64961939257,0.005210847746774326,燃料[R] 時間[R-standard] バーンa[N]@x0=0.3,1.7452678322401113e-16,0.0,0.0
M31 (Andromeda),2540000.0,roundtrip,8.0,32.0,2.031092662734811e-42,5080001.143357503,3408.3006830432482,0.10466741493399903,燃料[R] 時間[R-standard] バーンa[N]@x0=0.3,1.7454259166653037e-16,0.0,0.0
M31 (Andromeda),2540000.0,roundtrip,12.0,48.0,2.8946403116483003e-63,5080000.000383554,62.42519751219572,5.714647867031002,燃料[R] 時間[R-standard] バーンa[N]@x0=0.3,1.7454263093771843e-16,0.0,0.0
